2024-09-22 21:09:28,340 [main] INFO  [org.example.App] StartupInfoLogger.java:55 - Starting App using Java 1.8.0_411 on chenkedndiannao.lan with PID 14406 (/Users/chenkedi/Downloads/code/nbt_hongwaixian/target/classes started by chenkedi in /Users/chenkedi/Downloads/code/nbt_hongwaixian)
2024-09-22 21:09:28,341 [main] INFO  [org.example.App] SpringApplication.java:640 - The following 1 profile is active: "dev"
2024-09-22 21:09:28,579 [main] INFO  [o.s.d.r.config.RepositoryConfigurationDelegate] RepositoryConfigurationDelegate.java:262 - Multiple Spring Data modules found, entering strict repository configuration mode
2024-09-22 21:09:28,580 [main] INFO  [o.s.d.r.config.RepositoryConfigurationDelegate] RepositoryConfigurationDelegate.java:132 - Bootstrapping Spring Data Redis repositories in DEFAULT mode.
2024-09-22 21:09:28,589 [main] INFO  [o.s.d.r.config.RepositoryConfigurationDelegate] RepositoryConfigurationDelegate.java:201 - Finished Spring Data repository scanning in 3 ms. Found 0 Redis repository interfaces.
2024-09-22 21:09:28,839 [main] INFO  [o.s.boot.web.embedded.tomcat.TomcatWebServer] TomcatWebServer.java:108 - Tomcat initialized with port(s): 9013 (http)
2024-09-22 21:09:28,843 [main] INFO  [org.apache.coyote.http11.Http11NioProtocol] DirectJDKLog.java:173 - Initializing ProtocolHandler ["http-nio-9013"]
2024-09-22 21:09:28,843 [main] INFO  [org.apache.catalina.core.StandardService] DirectJDKLog.java:173 - Starting service [Tomcat]
2024-09-22 21:09:28,843 [main] INFO  [org.apache.catalina.core.StandardEngine] DirectJDKLog.java:173 - Starting Servlet engine: [Apache Tomcat/9.0.65]
2024-09-22 21:09:28,894 [main] INFO  [o.a.c.core.ContainerBase.[Tomcat].[localhost].[/]] DirectJDKLog.java:173 - Initializing Spring embedded WebApplicationContext
2024-09-22 21:09:28,894 [main] INFO  [o.s.b.w.s.c.ServletWebServerApplicationContext] ServletWebServerApplicationContext.java:292 - Root WebApplicationContext: initialization completed in 538 ms
2024-09-22 21:09:29,047 [main] WARN  [o.s.b.w.s.c.AnnotationConfigServletWebServerApplicationContext] AbstractApplicationContext.java:591 - Exception encountered during context initialization - cancelling refresh attempt: org.springframework.beans.factory.BeanCreationException: Error creating bean with name 'questionnaireController': Injection of resource dependencies failed; nested exception is org.springframework.beans.factory.BeanCreationException: Error creating bean with name 'questionnaireServiceImpl': Injection of resource dependencies failed; nested exception is org.springframework.beans.factory.NoSuchBeanDefinitionException: No qualifying bean of type 'org.example.mapper.QuestionnaireMapper' available: expected at least 1 bean which qualifies as autowire candidate. Dependency annotations: {@javax.annotation.Resource(shareable=true, lookup=, name=, description=, authenticationType=CONTAINER, type=class java.lang.Object, mappedName=)}
2024-09-22 21:09:29,061 [main] INFO  [org.apache.catalina.core.StandardService] DirectJDKLog.java:173 - Stopping service [Tomcat]
2024-09-22 21:09:29,069 [main] INFO  [o.s.b.a.l.ConditionEvaluationReportLoggingListener] ConditionEvaluationReportLoggingListener.java:136 - 

Error starting ApplicationContext. To display the conditions report re-run your application with 'debug' enabled.
2024-09-22 21:09:29,080 [main] ERROR [o.s.b.diagnostics.LoggingFailureAnalysisReporter] LoggingFailureAnalysisReporter.java:40 - 

***************************
APPLICATION FAILED TO START
***************************

Description:

A component required a bean of type 'org.example.mapper.QuestionnaireMapper' that could not be found.


Action:

Consider defining a bean of type 'org.example.mapper.QuestionnaireMapper' in your configuration.

2024-09-22 21:10:14,430 [main] INFO  [org.example.App] StartupInfoLogger.java:55 - Starting App using Java 1.8.0_411 on chenkedndiannao.lan with PID 14412 (/Users/chenkedi/Downloads/code/nbt_hongwaixian/target/classes started by chenkedi in /Users/chenkedi/Downloads/code/nbt_hongwaixian)
2024-09-22 21:10:14,431 [main] INFO  [org.example.App] SpringApplication.java:640 - The following 1 profile is active: "dev"
2024-09-22 21:10:14,652 [main] INFO  [o.s.d.r.config.RepositoryConfigurationDelegate] RepositoryConfigurationDelegate.java:262 - Multiple Spring Data modules found, entering strict repository configuration mode
2024-09-22 21:10:14,653 [main] INFO  [o.s.d.r.config.RepositoryConfigurationDelegate] RepositoryConfigurationDelegate.java:132 - Bootstrapping Spring Data Redis repositories in DEFAULT mode.
2024-09-22 21:10:14,662 [main] INFO  [o.s.d.r.config.RepositoryConfigurationDelegate] RepositoryConfigurationDelegate.java:201 - Finished Spring Data repository scanning in 3 ms. Found 0 Redis repository interfaces.
2024-09-22 21:10:14,895 [main] INFO  [o.s.boot.web.embedded.tomcat.TomcatWebServer] TomcatWebServer.java:108 - Tomcat initialized with port(s): 9013 (http)
2024-09-22 21:10:14,898 [main] INFO  [org.apache.coyote.http11.Http11NioProtocol] DirectJDKLog.java:173 - Initializing ProtocolHandler ["http-nio-9013"]
2024-09-22 21:10:14,898 [main] INFO  [org.apache.catalina.core.StandardService] DirectJDKLog.java:173 - Starting service [Tomcat]
2024-09-22 21:10:14,898 [main] INFO  [org.apache.catalina.core.StandardEngine] DirectJDKLog.java:173 - Starting Servlet engine: [Apache Tomcat/9.0.65]
2024-09-22 21:10:14,963 [main] INFO  [o.a.c.core.ContainerBase.[Tomcat].[localhost].[/]] DirectJDKLog.java:173 - Initializing Spring embedded WebApplicationContext
2024-09-22 21:10:14,963 [main] INFO  [o.s.b.w.s.c.ServletWebServerApplicationContext] ServletWebServerApplicationContext.java:292 - Root WebApplicationContext: initialization completed in 516 ms
2024-09-22 21:10:15,073 [main] WARN  [o.s.b.w.s.c.AnnotationConfigServletWebServerApplicationContext] AbstractApplicationContext.java:591 - Exception encountered during context initialization - cancelling refresh attempt: org.springframework.beans.factory.BeanCreationException: Error creating bean with name 'questionnaireController': Injection of resource dependencies failed; nested exception is org.springframework.beans.factory.BeanCreationException: Error creating bean with name 'questionnaireServiceImpl': Injection of resource dependencies failed; nested exception is org.springframework.beans.factory.BeanCreationException: Error creating bean with name 'questionnaireMapper' defined in file [/Users/chenkedi/Downloads/code/nbt_hongwaixian/target/classes/org/example/mapper/QuestionnaireMapper.class]: Invocation of init method failed; nested exception is java.lang.IllegalArgumentException: Property 'sqlSessionFactory' or 'sqlSessionTemplate' are required
2024-09-22 21:10:15,081 [main] INFO  [org.apache.catalina.core.StandardService] DirectJDKLog.java:173 - Stopping service [Tomcat]
2024-09-22 21:10:15,086 [main] INFO  [o.s.b.a.l.ConditionEvaluationReportLoggingListener] ConditionEvaluationReportLoggingListener.java:136 - 

Error starting ApplicationContext. To display the conditions report re-run your application with 'debug' enabled.
2024-09-22 21:10:15,094 [main] ERROR [org.springframework.boot.SpringApplication] SpringApplication.java:824 - Application run failed
org.springframework.beans.factory.BeanCreationException: Error creating bean with name 'questionnaireController': Injection of resource dependencies failed; nested exception is org.springframework.beans.factory.BeanCreationException: Error creating bean with name 'questionnaireServiceImpl': Injection of resource dependencies failed; nested exception is org.springframework.beans.factory.BeanCreationException: Error creating bean with name 'questionnaireMapper' defined in file [/Users/chenkedi/Downloads/code/nbt_hongwaixian/target/classes/org/example/mapper/QuestionnaireMapper.class]: Invocation of init method failed; nested exception is java.lang.IllegalArgumentException: Property 'sqlSessionFactory' or 'sqlSessionTemplate' are required
	at org.springframework.context.annotation.CommonAnnotationBeanPostProcessor.postProcessProperties(CommonAnnotationBeanPostProcessor.java:332)
	at org.springframework.beans.factory.support.AbstractAutowireCapableBeanFactory.populateBean(AbstractAutowireCapableBeanFactory.java:1431)
	at org.springframework.beans.factory.support.AbstractAutowireCapableBeanFactory.doCreateBean(AbstractAutowireCapableBeanFactory.java:619)
	at org.springframework.beans.factory.support.AbstractAutowireCapableBeanFactory.createBean(AbstractAutowireCapableBeanFactory.java:542)
	at org.springframework.beans.factory.support.AbstractBeanFactory.lambda$doGetBean$0(AbstractBeanFactory.java:335)
	at org.springframework.beans.factory.support.DefaultSingletonBeanRegistry.getSingleton(DefaultSingletonBeanRegistry.java:234)
	at org.springframework.beans.factory.support.AbstractBeanFactory.doGetBean(AbstractBeanFactory.java:333)
	at org.springframework.beans.factory.support.AbstractBeanFactory.getBean(AbstractBeanFactory.java:208)
	at org.springframework.beans.factory.support.DefaultListableBeanFactory.preInstantiateSingletons(DefaultListableBeanFactory.java:955)
	at org.springframework.context.support.AbstractApplicationContext.finishBeanFactoryInitialization(AbstractApplicationContext.java:918)
	at org.springframework.context.support.AbstractApplicationContext.refresh(AbstractApplicationContext.java:583)
	at org.springframework.boot.web.servlet.context.ServletWebServerApplicationContext.refresh(ServletWebServerApplicationContext.java:147)
	at org.springframework.boot.SpringApplication.refresh(SpringApplication.java:734)
	at org.springframework.boot.SpringApplication.refreshContext(SpringApplication.java:408)
	at org.springframework.boot.SpringApplication.run(SpringApplication.java:308)
	at org.springframework.boot.SpringApplication.run(SpringApplication.java:1306)
	at org.springframework.boot.SpringApplication.run(SpringApplication.java:1295)
	at org.example.App.main(App.java:11)
Caused by: org.springframework.beans.factory.BeanCreationException: Error creating bean with name 'questionnaireServiceImpl': Injection of resource dependencies failed; nested exception is org.springframework.beans.factory.BeanCreationException: Error creating bean with name 'questionnaireMapper' defined in file [/Users/chenkedi/Downloads/code/nbt_hongwaixian/target/classes/org/example/mapper/QuestionnaireMapper.class]: Invocation of init method failed; nested exception is java.lang.IllegalArgumentException: Property 'sqlSessionFactory' or 'sqlSessionTemplate' are required
	at org.springframework.context.annotation.CommonAnnotationBeanPostProcessor.postProcessProperties(CommonAnnotationBeanPostProcessor.java:332)
	at org.springframework.beans.factory.support.AbstractAutowireCapableBeanFactory.populateBean(AbstractAutowireCapableBeanFactory.java:1431)
	at org.springframework.beans.factory.support.AbstractAutowireCapableBeanFactory.doCreateBean(AbstractAutowireCapableBeanFactory.java:619)
	at org.springframework.beans.factory.support.AbstractAutowireCapableBeanFactory.createBean(AbstractAutowireCapableBeanFactory.java:542)
	at org.springframework.beans.factory.support.AbstractBeanFactory.lambda$doGetBean$0(AbstractBeanFactory.java:335)
	at org.springframework.beans.factory.support.DefaultSingletonBeanRegistry.getSingleton(DefaultSingletonBeanRegistry.java:234)
	at org.springframework.beans.factory.support.AbstractBeanFactory.doGetBean(AbstractBeanFactory.java:333)
	at org.springframework.beans.factory.support.AbstractBeanFactory.getBean(AbstractBeanFactory.java:208)
	at org.springframework.beans.factory.config.DependencyDescriptor.resolveCandidate(DependencyDescriptor.java:276)
	at org.springframework.beans.factory.support.DefaultListableBeanFactory.doResolveDependency(DefaultListableBeanFactory.java:1391)
	at org.springframework.beans.factory.support.DefaultListableBeanFactory.resolveDependency(DefaultListableBeanFactory.java:1311)
	at org.springframework.context.annotation.CommonAnnotationBeanPostProcessor.autowireResource(CommonAnnotationBeanPostProcessor.java:544)
	at org.springframework.context.annotation.CommonAnnotationBeanPostProcessor.getResource(CommonAnnotationBeanPostProcessor.java:520)
	at org.springframework.context.annotation.CommonAnnotationBeanPostProcessor$ResourceElement.getResourceToInject(CommonAnnotationBeanPostProcessor.java:673)
	at org.springframework.beans.factory.annotation.InjectionMetadata$InjectedElement.inject(InjectionMetadata.java:228)
	at org.springframework.beans.factory.annotation.InjectionMetadata.inject(InjectionMetadata.java:119)
	at org.springframework.context.annotation.CommonAnnotationBeanPostProcessor.postProcessProperties(CommonAnnotationBeanPostProcessor.java:329)
	... 17 common frames omitted
Caused by: org.springframework.beans.factory.BeanCreationException: Error creating bean with name 'questionnaireMapper' defined in file [/Users/chenkedi/Downloads/code/nbt_hongwaixian/target/classes/org/example/mapper/QuestionnaireMapper.class]: Invocation of init method failed; nested exception is java.lang.IllegalArgumentException: Property 'sqlSessionFactory' or 'sqlSessionTemplate' are required
	at org.springframework.beans.factory.support.AbstractAutowireCapableBeanFactory.initializeBean(AbstractAutowireCapableBeanFactory.java:1804)
	at org.springframework.beans.factory.support.AbstractAutowireCapableBeanFactory.doCreateBean(AbstractAutowireCapableBeanFactory.java:620)
	at org.springframework.beans.factory.support.AbstractAutowireCapableBeanFactory.createBean(AbstractAutowireCapableBeanFactory.java:542)
	at org.springframework.beans.factory.support.AbstractBeanFactory.lambda$doGetBean$0(AbstractBeanFactory.java:335)
	at org.springframework.beans.factory.support.DefaultSingletonBeanRegistry.getSingleton(DefaultSingletonBeanRegistry.java:234)
	at org.springframework.beans.factory.support.AbstractBeanFactory.doGetBean(AbstractBeanFactory.java:333)
	at org.springframework.beans.factory.support.AbstractBeanFactory.getBean(AbstractBeanFactory.java:213)
	at org.springframework.beans.factory.support.AbstractAutowireCapableBeanFactory.resolveBeanByName(AbstractAutowireCapableBeanFactory.java:479)
	at org.springframework.context.annotation.CommonAnnotationBeanPostProcessor.autowireResource(CommonAnnotationBeanPostProcessor.java:550)
	at org.springframework.context.annotation.CommonAnnotationBeanPostProcessor.getResource(CommonAnnotationBeanPostProcessor.java:520)
	at org.springframework.context.annotation.CommonAnnotationBeanPostProcessor$ResourceElement.getResourceToInject(CommonAnnotationBeanPostProcessor.java:673)
	at org.springframework.beans.factory.annotation.InjectionMetadata$InjectedElement.inject(InjectionMetadata.java:228)
	at org.springframework.beans.factory.annotation.InjectionMetadata.inject(InjectionMetadata.java:119)
	at org.springframework.context.annotation.CommonAnnotationBeanPostProcessor.postProcessProperties(CommonAnnotationBeanPostProcessor.java:329)
	... 33 common frames omitted
Caused by: java.lang.IllegalArgumentException: Property 'sqlSessionFactory' or 'sqlSessionTemplate' are required
	at org.springframework.util.Assert.notNull(Assert.java:201)
	at org.mybatis.spring.support.SqlSessionDaoSupport.checkDaoConfig(SqlSessionDaoSupport.java:122)
	at org.mybatis.spring.mapper.MapperFactoryBean.checkDaoConfig(MapperFactoryBean.java:73)
	at org.springframework.dao.support.DaoSupport.afterPropertiesSet(DaoSupport.java:44)
	at org.springframework.beans.factory.support.AbstractAutowireCapableBeanFactory.invokeInitMethods(AbstractAutowireCapableBeanFactory.java:1863)
	at org.springframework.beans.factory.support.AbstractAutowireCapableBeanFactory.initializeBean(AbstractAutowireCapableBeanFactory.java:1800)
	... 46 common frames omitted
2024-09-22 21:11:08,041 [main] INFO  [org.example.App] StartupInfoLogger.java:55 - Starting App using Java 1.8.0_411 on chenkedndiannao.lan with PID 14424 (/Users/chenkedi/Downloads/code/nbt_hongwaixian/target/classes started by chenkedi in /Users/chenkedi/Downloads/code/nbt_hongwaixian)
2024-09-22 21:11:08,042 [main] INFO  [org.example.App] SpringApplication.java:640 - The following 1 profile is active: "dev"
2024-09-22 21:11:08,255 [main] INFO  [o.s.d.r.config.RepositoryConfigurationDelegate] RepositoryConfigurationDelegate.java:262 - Multiple Spring Data modules found, entering strict repository configuration mode
2024-09-22 21:11:08,256 [main] INFO  [o.s.d.r.config.RepositoryConfigurationDelegate] RepositoryConfigurationDelegate.java:132 - Bootstrapping Spring Data Redis repositories in DEFAULT mode.
2024-09-22 21:11:08,266 [main] INFO  [o.s.d.r.config.RepositoryConfigurationDelegate] RepositoryConfigurationDelegate.java:201 - Finished Spring Data repository scanning in 3 ms. Found 0 Redis repository interfaces.
2024-09-22 21:11:08,507 [main] INFO  [o.s.boot.web.embedded.tomcat.TomcatWebServer] TomcatWebServer.java:108 - Tomcat initialized with port(s): 9013 (http)
2024-09-22 21:11:08,510 [main] INFO  [org.apache.coyote.http11.Http11NioProtocol] DirectJDKLog.java:173 - Initializing ProtocolHandler ["http-nio-9013"]
2024-09-22 21:11:08,510 [main] INFO  [org.apache.catalina.core.StandardService] DirectJDKLog.java:173 - Starting service [Tomcat]
2024-09-22 21:11:08,511 [main] INFO  [org.apache.catalina.core.StandardEngine] DirectJDKLog.java:173 - Starting Servlet engine: [Apache Tomcat/9.0.65]
2024-09-22 21:11:08,576 [main] INFO  [o.a.c.core.ContainerBase.[Tomcat].[localhost].[/]] DirectJDKLog.java:173 - Initializing Spring embedded WebApplicationContext
2024-09-22 21:11:08,576 [main] INFO  [o.s.b.w.s.c.ServletWebServerApplicationContext] ServletWebServerApplicationContext.java:292 - Root WebApplicationContext: initialization completed in 518 ms
2024-09-22 21:11:08,688 [main] WARN  [o.s.b.w.s.c.AnnotationConfigServletWebServerApplicationContext] AbstractApplicationContext.java:591 - Exception encountered during context initialization - cancelling refresh attempt: org.springframework.beans.factory.BeanCreationException: Error creating bean with name 'questionnaireController': Injection of resource dependencies failed; nested exception is org.springframework.beans.factory.BeanCreationException: Error creating bean with name 'questionnaireServiceImpl': Injection of resource dependencies failed; nested exception is org.springframework.beans.factory.BeanCreationException: Error creating bean with name 'questionnaireMapper' defined in file [/Users/chenkedi/Downloads/code/nbt_hongwaixian/target/classes/org/example/mapper/QuestionnaireMapper.class]: Invocation of init method failed; nested exception is java.lang.IllegalArgumentException: Property 'sqlSessionFactory' or 'sqlSessionTemplate' are required
2024-09-22 21:11:08,696 [main] INFO  [org.apache.catalina.core.StandardService] DirectJDKLog.java:173 - Stopping service [Tomcat]
2024-09-22 21:11:08,702 [main] INFO  [o.s.b.a.l.ConditionEvaluationReportLoggingListener] ConditionEvaluationReportLoggingListener.java:136 - 

Error starting ApplicationContext. To display the conditions report re-run your application with 'debug' enabled.
2024-09-22 21:11:08,709 [main] ERROR [org.springframework.boot.SpringApplication] SpringApplication.java:824 - Application run failed
org.springframework.beans.factory.BeanCreationException: Error creating bean with name 'questionnaireController': Injection of resource dependencies failed; nested exception is org.springframework.beans.factory.BeanCreationException: Error creating bean with name 'questionnaireServiceImpl': Injection of resource dependencies failed; nested exception is org.springframework.beans.factory.BeanCreationException: Error creating bean with name 'questionnaireMapper' defined in file [/Users/chenkedi/Downloads/code/nbt_hongwaixian/target/classes/org/example/mapper/QuestionnaireMapper.class]: Invocation of init method failed; nested exception is java.lang.IllegalArgumentException: Property 'sqlSessionFactory' or 'sqlSessionTemplate' are required
	at org.springframework.context.annotation.CommonAnnotationBeanPostProcessor.postProcessProperties(CommonAnnotationBeanPostProcessor.java:332)
	at org.springframework.beans.factory.support.AbstractAutowireCapableBeanFactory.populateBean(AbstractAutowireCapableBeanFactory.java:1431)
	at org.springframework.beans.factory.support.AbstractAutowireCapableBeanFactory.doCreateBean(AbstractAutowireCapableBeanFactory.java:619)
	at org.springframework.beans.factory.support.AbstractAutowireCapableBeanFactory.createBean(AbstractAutowireCapableBeanFactory.java:542)
	at org.springframework.beans.factory.support.AbstractBeanFactory.lambda$doGetBean$0(AbstractBeanFactory.java:335)
	at org.springframework.beans.factory.support.DefaultSingletonBeanRegistry.getSingleton(DefaultSingletonBeanRegistry.java:234)
	at org.springframework.beans.factory.support.AbstractBeanFactory.doGetBean(AbstractBeanFactory.java:333)
	at org.springframework.beans.factory.support.AbstractBeanFactory.getBean(AbstractBeanFactory.java:208)
	at org.springframework.beans.factory.support.DefaultListableBeanFactory.preInstantiateSingletons(DefaultListableBeanFactory.java:955)
	at org.springframework.context.support.AbstractApplicationContext.finishBeanFactoryInitialization(AbstractApplicationContext.java:918)
	at org.springframework.context.support.AbstractApplicationContext.refresh(AbstractApplicationContext.java:583)
	at org.springframework.boot.web.servlet.context.ServletWebServerApplicationContext.refresh(ServletWebServerApplicationContext.java:147)
	at org.springframework.boot.SpringApplication.refresh(SpringApplication.java:734)
	at org.springframework.boot.SpringApplication.refreshContext(SpringApplication.java:408)
	at org.springframework.boot.SpringApplication.run(SpringApplication.java:308)
	at org.springframework.boot.SpringApplication.run(SpringApplication.java:1306)
	at org.springframework.boot.SpringApplication.run(SpringApplication.java:1295)
	at org.example.App.main(App.java:11)
Caused by: org.springframework.beans.factory.BeanCreationException: Error creating bean with name 'questionnaireServiceImpl': Injection of resource dependencies failed; nested exception is org.springframework.beans.factory.BeanCreationException: Error creating bean with name 'questionnaireMapper' defined in file [/Users/chenkedi/Downloads/code/nbt_hongwaixian/target/classes/org/example/mapper/QuestionnaireMapper.class]: Invocation of init method failed; nested exception is java.lang.IllegalArgumentException: Property 'sqlSessionFactory' or 'sqlSessionTemplate' are required
	at org.springframework.context.annotation.CommonAnnotationBeanPostProcessor.postProcessProperties(CommonAnnotationBeanPostProcessor.java:332)
	at org.springframework.beans.factory.support.AbstractAutowireCapableBeanFactory.populateBean(AbstractAutowireCapableBeanFactory.java:1431)
	at org.springframework.beans.factory.support.AbstractAutowireCapableBeanFactory.doCreateBean(AbstractAutowireCapableBeanFactory.java:619)
	at org.springframework.beans.factory.support.AbstractAutowireCapableBeanFactory.createBean(AbstractAutowireCapableBeanFactory.java:542)
	at org.springframework.beans.factory.support.AbstractBeanFactory.lambda$doGetBean$0(AbstractBeanFactory.java:335)
	at org.springframework.beans.factory.support.DefaultSingletonBeanRegistry.getSingleton(DefaultSingletonBeanRegistry.java:234)
	at org.springframework.beans.factory.support.AbstractBeanFactory.doGetBean(AbstractBeanFactory.java:333)
	at org.springframework.beans.factory.support.AbstractBeanFactory.getBean(AbstractBeanFactory.java:208)
	at org.springframework.beans.factory.config.DependencyDescriptor.resolveCandidate(DependencyDescriptor.java:276)
	at org.springframework.beans.factory.support.DefaultListableBeanFactory.doResolveDependency(DefaultListableBeanFactory.java:1391)
	at org.springframework.beans.factory.support.DefaultListableBeanFactory.resolveDependency(DefaultListableBeanFactory.java:1311)
	at org.springframework.context.annotation.CommonAnnotationBeanPostProcessor.autowireResource(CommonAnnotationBeanPostProcessor.java:544)
	at org.springframework.context.annotation.CommonAnnotationBeanPostProcessor.getResource(CommonAnnotationBeanPostProcessor.java:520)
	at org.springframework.context.annotation.CommonAnnotationBeanPostProcessor$ResourceElement.getResourceToInject(CommonAnnotationBeanPostProcessor.java:673)
	at org.springframework.beans.factory.annotation.InjectionMetadata$InjectedElement.inject(InjectionMetadata.java:228)
	at org.springframework.beans.factory.annotation.InjectionMetadata.inject(InjectionMetadata.java:119)
	at org.springframework.context.annotation.CommonAnnotationBeanPostProcessor.postProcessProperties(CommonAnnotationBeanPostProcessor.java:329)
	... 17 common frames omitted
Caused by: org.springframework.beans.factory.BeanCreationException: Error creating bean with name 'questionnaireMapper' defined in file [/Users/chenkedi/Downloads/code/nbt_hongwaixian/target/classes/org/example/mapper/QuestionnaireMapper.class]: Invocation of init method failed; nested exception is java.lang.IllegalArgumentException: Property 'sqlSessionFactory' or 'sqlSessionTemplate' are required
	at org.springframework.beans.factory.support.AbstractAutowireCapableBeanFactory.initializeBean(AbstractAutowireCapableBeanFactory.java:1804)
	at org.springframework.beans.factory.support.AbstractAutowireCapableBeanFactory.doCreateBean(AbstractAutowireCapableBeanFactory.java:620)
	at org.springframework.beans.factory.support.AbstractAutowireCapableBeanFactory.createBean(AbstractAutowireCapableBeanFactory.java:542)
	at org.springframework.beans.factory.support.AbstractBeanFactory.lambda$doGetBean$0(AbstractBeanFactory.java:335)
	at org.springframework.beans.factory.support.DefaultSingletonBeanRegistry.getSingleton(DefaultSingletonBeanRegistry.java:234)
	at org.springframework.beans.factory.support.AbstractBeanFactory.doGetBean(AbstractBeanFactory.java:333)
	at org.springframework.beans.factory.support.AbstractBeanFactory.getBean(AbstractBeanFactory.java:213)
	at org.springframework.beans.factory.support.AbstractAutowireCapableBeanFactory.resolveBeanByName(AbstractAutowireCapableBeanFactory.java:479)
	at org.springframework.context.annotation.CommonAnnotationBeanPostProcessor.autowireResource(CommonAnnotationBeanPostProcessor.java:550)
	at org.springframework.context.annotation.CommonAnnotationBeanPostProcessor.getResource(CommonAnnotationBeanPostProcessor.java:520)
	at org.springframework.context.annotation.CommonAnnotationBeanPostProcessor$ResourceElement.getResourceToInject(CommonAnnotationBeanPostProcessor.java:673)
	at org.springframework.beans.factory.annotation.InjectionMetadata$InjectedElement.inject(InjectionMetadata.java:228)
	at org.springframework.beans.factory.annotation.InjectionMetadata.inject(InjectionMetadata.java:119)
	at org.springframework.context.annotation.CommonAnnotationBeanPostProcessor.postProcessProperties(CommonAnnotationBeanPostProcessor.java:329)
	... 33 common frames omitted
Caused by: java.lang.IllegalArgumentException: Property 'sqlSessionFactory' or 'sqlSessionTemplate' are required
	at org.springframework.util.Assert.notNull(Assert.java:201)
	at org.mybatis.spring.support.SqlSessionDaoSupport.checkDaoConfig(SqlSessionDaoSupport.java:122)
	at org.mybatis.spring.mapper.MapperFactoryBean.checkDaoConfig(MapperFactoryBean.java:73)
	at org.springframework.dao.support.DaoSupport.afterPropertiesSet(DaoSupport.java:44)
	at org.springframework.beans.factory.support.AbstractAutowireCapableBeanFactory.invokeInitMethods(AbstractAutowireCapableBeanFactory.java:1863)
	at org.springframework.beans.factory.support.AbstractAutowireCapableBeanFactory.initializeBean(AbstractAutowireCapableBeanFactory.java:1800)
	... 46 common frames omitted
2024-09-22 21:11:43,576 [main] INFO  [org.example.App] StartupInfoLogger.java:55 - Starting App using Java 1.8.0_411 on chenkedndiannao.lan with PID 14430 (/Users/chenkedi/Downloads/code/nbt_hongwaixian/target/classes started by chenkedi in /Users/chenkedi/Downloads/code/nbt_hongwaixian)
2024-09-22 21:11:43,577 [main] INFO  [org.example.App] SpringApplication.java:640 - The following 1 profile is active: "dev"
2024-09-22 21:11:43,785 [main] INFO  [o.s.d.r.config.RepositoryConfigurationDelegate] RepositoryConfigurationDelegate.java:262 - Multiple Spring Data modules found, entering strict repository configuration mode
2024-09-22 21:11:43,786 [main] INFO  [o.s.d.r.config.RepositoryConfigurationDelegate] RepositoryConfigurationDelegate.java:132 - Bootstrapping Spring Data Redis repositories in DEFAULT mode.
2024-09-22 21:11:43,795 [main] INFO  [o.s.d.r.config.RepositoryConfigurationDelegate] RepositoryConfigurationDelegate.java:201 - Finished Spring Data repository scanning in 4 ms. Found 0 Redis repository interfaces.
2024-09-22 21:11:44,035 [main] INFO  [o.s.boot.web.embedded.tomcat.TomcatWebServer] TomcatWebServer.java:108 - Tomcat initialized with port(s): 9013 (http)
2024-09-22 21:11:44,039 [main] INFO  [org.apache.coyote.http11.Http11NioProtocol] DirectJDKLog.java:173 - Initializing ProtocolHandler ["http-nio-9013"]
2024-09-22 21:11:44,039 [main] INFO  [org.apache.catalina.core.StandardService] DirectJDKLog.java:173 - Starting service [Tomcat]
2024-09-22 21:11:44,040 [main] INFO  [org.apache.catalina.core.StandardEngine] DirectJDKLog.java:173 - Starting Servlet engine: [Apache Tomcat/9.0.65]
2024-09-22 21:11:44,106 [main] INFO  [o.a.c.core.ContainerBase.[Tomcat].[localhost].[/]] DirectJDKLog.java:173 - Initializing Spring embedded WebApplicationContext
2024-09-22 21:11:44,106 [main] INFO  [o.s.b.w.s.c.ServletWebServerApplicationContext] ServletWebServerApplicationContext.java:292 - Root WebApplicationContext: initialization completed in 513 ms
2024-09-22 21:11:44,227 [main] WARN  [o.s.b.w.s.c.AnnotationConfigServletWebServerApplicationContext] AbstractApplicationContext.java:591 - Exception encountered during context initialization - cancelling refresh attempt: org.springframework.beans.factory.BeanCreationException: Error creating bean with name 'questionnaireController': Injection of resource dependencies failed; nested exception is org.springframework.beans.factory.BeanCreationException: Error creating bean with name 'questionnaireServiceImpl': Injection of resource dependencies failed; nested exception is org.springframework.beans.factory.BeanCreationException: Error creating bean with name 'questionnaireMapper' defined in file [/Users/chenkedi/Downloads/code/nbt_hongwaixian/target/classes/org/example/mapper/QuestionnaireMapper.class]: Invocation of init method failed; nested exception is java.lang.IllegalArgumentException: Property 'sqlSessionFactory' or 'sqlSessionTemplate' are required
2024-09-22 21:11:44,235 [main] INFO  [org.apache.catalina.core.StandardService] DirectJDKLog.java:173 - Stopping service [Tomcat]
2024-09-22 21:11:44,242 [main] INFO  [o.s.b.a.l.ConditionEvaluationReportLoggingListener] ConditionEvaluationReportLoggingListener.java:136 - 

Error starting ApplicationContext. To display the conditions report re-run your application with 'debug' enabled.
2024-09-22 21:11:44,250 [main] ERROR [org.springframework.boot.SpringApplication] SpringApplication.java:824 - Application run failed
org.springframework.beans.factory.BeanCreationException: Error creating bean with name 'questionnaireController': Injection of resource dependencies failed; nested exception is org.springframework.beans.factory.BeanCreationException: Error creating bean with name 'questionnaireServiceImpl': Injection of resource dependencies failed; nested exception is org.springframework.beans.factory.BeanCreationException: Error creating bean with name 'questionnaireMapper' defined in file [/Users/chenkedi/Downloads/code/nbt_hongwaixian/target/classes/org/example/mapper/QuestionnaireMapper.class]: Invocation of init method failed; nested exception is java.lang.IllegalArgumentException: Property 'sqlSessionFactory' or 'sqlSessionTemplate' are required
	at org.springframework.context.annotation.CommonAnnotationBeanPostProcessor.postProcessProperties(CommonAnnotationBeanPostProcessor.java:332)
	at org.springframework.beans.factory.support.AbstractAutowireCapableBeanFactory.populateBean(AbstractAutowireCapableBeanFactory.java:1431)
	at org.springframework.beans.factory.support.AbstractAutowireCapableBeanFactory.doCreateBean(AbstractAutowireCapableBeanFactory.java:619)
	at org.springframework.beans.factory.support.AbstractAutowireCapableBeanFactory.createBean(AbstractAutowireCapableBeanFactory.java:542)
	at org.springframework.beans.factory.support.AbstractBeanFactory.lambda$doGetBean$0(AbstractBeanFactory.java:335)
	at org.springframework.beans.factory.support.DefaultSingletonBeanRegistry.getSingleton(DefaultSingletonBeanRegistry.java:234)
	at org.springframework.beans.factory.support.AbstractBeanFactory.doGetBean(AbstractBeanFactory.java:333)
	at org.springframework.beans.factory.support.AbstractBeanFactory.getBean(AbstractBeanFactory.java:208)
	at org.springframework.beans.factory.support.DefaultListableBeanFactory.preInstantiateSingletons(DefaultListableBeanFactory.java:955)
	at org.springframework.context.support.AbstractApplicationContext.finishBeanFactoryInitialization(AbstractApplicationContext.java:918)
	at org.springframework.context.support.AbstractApplicationContext.refresh(AbstractApplicationContext.java:583)
	at org.springframework.boot.web.servlet.context.ServletWebServerApplicationContext.refresh(ServletWebServerApplicationContext.java:147)
	at org.springframework.boot.SpringApplication.refresh(SpringApplication.java:734)
	at org.springframework.boot.SpringApplication.refreshContext(SpringApplication.java:408)
	at org.springframework.boot.SpringApplication.run(SpringApplication.java:308)
	at org.springframework.boot.SpringApplication.run(SpringApplication.java:1306)
	at org.springframework.boot.SpringApplication.run(SpringApplication.java:1295)
	at org.example.App.main(App.java:11)
Caused by: org.springframework.beans.factory.BeanCreationException: Error creating bean with name 'questionnaireServiceImpl': Injection of resource dependencies failed; nested exception is org.springframework.beans.factory.BeanCreationException: Error creating bean with name 'questionnaireMapper' defined in file [/Users/chenkedi/Downloads/code/nbt_hongwaixian/target/classes/org/example/mapper/QuestionnaireMapper.class]: Invocation of init method failed; nested exception is java.lang.IllegalArgumentException: Property 'sqlSessionFactory' or 'sqlSessionTemplate' are required
	at org.springframework.context.annotation.CommonAnnotationBeanPostProcessor.postProcessProperties(CommonAnnotationBeanPostProcessor.java:332)
	at org.springframework.beans.factory.support.AbstractAutowireCapableBeanFactory.populateBean(AbstractAutowireCapableBeanFactory.java:1431)
	at org.springframework.beans.factory.support.AbstractAutowireCapableBeanFactory.doCreateBean(AbstractAutowireCapableBeanFactory.java:619)
	at org.springframework.beans.factory.support.AbstractAutowireCapableBeanFactory.createBean(AbstractAutowireCapableBeanFactory.java:542)
	at org.springframework.beans.factory.support.AbstractBeanFactory.lambda$doGetBean$0(AbstractBeanFactory.java:335)
	at org.springframework.beans.factory.support.DefaultSingletonBeanRegistry.getSingleton(DefaultSingletonBeanRegistry.java:234)
	at org.springframework.beans.factory.support.AbstractBeanFactory.doGetBean(AbstractBeanFactory.java:333)
	at org.springframework.beans.factory.support.AbstractBeanFactory.getBean(AbstractBeanFactory.java:208)
	at org.springframework.beans.factory.config.DependencyDescriptor.resolveCandidate(DependencyDescriptor.java:276)
	at org.springframework.beans.factory.support.DefaultListableBeanFactory.doResolveDependency(DefaultListableBeanFactory.java:1391)
	at org.springframework.beans.factory.support.DefaultListableBeanFactory.resolveDependency(DefaultListableBeanFactory.java:1311)
	at org.springframework.context.annotation.CommonAnnotationBeanPostProcessor.autowireResource(CommonAnnotationBeanPostProcessor.java:544)
	at org.springframework.context.annotation.CommonAnnotationBeanPostProcessor.getResource(CommonAnnotationBeanPostProcessor.java:520)
	at org.springframework.context.annotation.CommonAnnotationBeanPostProcessor$ResourceElement.getResourceToInject(CommonAnnotationBeanPostProcessor.java:673)
	at org.springframework.beans.factory.annotation.InjectionMetadata$InjectedElement.inject(InjectionMetadata.java:228)
	at org.springframework.beans.factory.annotation.InjectionMetadata.inject(InjectionMetadata.java:119)
	at org.springframework.context.annotation.CommonAnnotationBeanPostProcessor.postProcessProperties(CommonAnnotationBeanPostProcessor.java:329)
	... 17 common frames omitted
Caused by: org.springframework.beans.factory.BeanCreationException: Error creating bean with name 'questionnaireMapper' defined in file [/Users/chenkedi/Downloads/code/nbt_hongwaixian/target/classes/org/example/mapper/QuestionnaireMapper.class]: Invocation of init method failed; nested exception is java.lang.IllegalArgumentException: Property 'sqlSessionFactory' or 'sqlSessionTemplate' are required
	at org.springframework.beans.factory.support.AbstractAutowireCapableBeanFactory.initializeBean(AbstractAutowireCapableBeanFactory.java:1804)
	at org.springframework.beans.factory.support.AbstractAutowireCapableBeanFactory.doCreateBean(AbstractAutowireCapableBeanFactory.java:620)
	at org.springframework.beans.factory.support.AbstractAutowireCapableBeanFactory.createBean(AbstractAutowireCapableBeanFactory.java:542)
	at org.springframework.beans.factory.support.AbstractBeanFactory.lambda$doGetBean$0(AbstractBeanFactory.java:335)
	at org.springframework.beans.factory.support.DefaultSingletonBeanRegistry.getSingleton(DefaultSingletonBeanRegistry.java:234)
	at org.springframework.beans.factory.support.AbstractBeanFactory.doGetBean(AbstractBeanFactory.java:333)
	at org.springframework.beans.factory.support.AbstractBeanFactory.getBean(AbstractBeanFactory.java:213)
	at org.springframework.beans.factory.support.AbstractAutowireCapableBeanFactory.resolveBeanByName(AbstractAutowireCapableBeanFactory.java:479)
	at org.springframework.context.annotation.CommonAnnotationBeanPostProcessor.autowireResource(CommonAnnotationBeanPostProcessor.java:550)
	at org.springframework.context.annotation.CommonAnnotationBeanPostProcessor.getResource(CommonAnnotationBeanPostProcessor.java:520)
	at org.springframework.context.annotation.CommonAnnotationBeanPostProcessor$ResourceElement.getResourceToInject(CommonAnnotationBeanPostProcessor.java:673)
	at org.springframework.beans.factory.annotation.InjectionMetadata$InjectedElement.inject(InjectionMetadata.java:228)
	at org.springframework.beans.factory.annotation.InjectionMetadata.inject(InjectionMetadata.java:119)
	at org.springframework.context.annotation.CommonAnnotationBeanPostProcessor.postProcessProperties(CommonAnnotationBeanPostProcessor.java:329)
	... 33 common frames omitted
Caused by: java.lang.IllegalArgumentException: Property 'sqlSessionFactory' or 'sqlSessionTemplate' are required
	at org.springframework.util.Assert.notNull(Assert.java:201)
	at org.mybatis.spring.support.SqlSessionDaoSupport.checkDaoConfig(SqlSessionDaoSupport.java:122)
	at org.mybatis.spring.mapper.MapperFactoryBean.checkDaoConfig(MapperFactoryBean.java:73)
	at org.springframework.dao.support.DaoSupport.afterPropertiesSet(DaoSupport.java:44)
	at org.springframework.beans.factory.support.AbstractAutowireCapableBeanFactory.invokeInitMethods(AbstractAutowireCapableBeanFactory.java:1863)
	at org.springframework.beans.factory.support.AbstractAutowireCapableBeanFactory.initializeBean(AbstractAutowireCapableBeanFactory.java:1800)
	... 46 common frames omitted
2024-09-22 21:12:13,300 [main] INFO  [org.example.App] StartupInfoLogger.java:55 - Starting App using Java 1.8.0_411 on chenkedndiannao.lan with PID 14443 (/Users/chenkedi/Downloads/code/nbt_hongwaixian/target/classes started by chenkedi in /Users/chenkedi/Downloads/code/nbt_hongwaixian)
2024-09-22 21:12:13,301 [main] INFO  [org.example.App] SpringApplication.java:640 - The following 1 profile is active: "dev"
2024-09-22 21:12:13,518 [main] INFO  [o.s.d.r.config.RepositoryConfigurationDelegate] RepositoryConfigurationDelegate.java:262 - Multiple Spring Data modules found, entering strict repository configuration mode
2024-09-22 21:12:13,519 [main] INFO  [o.s.d.r.config.RepositoryConfigurationDelegate] RepositoryConfigurationDelegate.java:132 - Bootstrapping Spring Data Redis repositories in DEFAULT mode.
2024-09-22 21:12:13,528 [main] INFO  [o.s.d.r.config.RepositoryConfigurationDelegate] RepositoryConfigurationDelegate.java:201 - Finished Spring Data repository scanning in 3 ms. Found 0 Redis repository interfaces.
2024-09-22 21:12:13,763 [main] INFO  [o.s.boot.web.embedded.tomcat.TomcatWebServer] TomcatWebServer.java:108 - Tomcat initialized with port(s): 9013 (http)
2024-09-22 21:12:13,766 [main] INFO  [org.apache.coyote.http11.Http11NioProtocol] DirectJDKLog.java:173 - Initializing ProtocolHandler ["http-nio-9013"]
2024-09-22 21:12:13,766 [main] INFO  [org.apache.catalina.core.StandardService] DirectJDKLog.java:173 - Starting service [Tomcat]
2024-09-22 21:12:13,766 [main] INFO  [org.apache.catalina.core.StandardEngine] DirectJDKLog.java:173 - Starting Servlet engine: [Apache Tomcat/9.0.65]
2024-09-22 21:12:13,831 [main] INFO  [o.a.c.core.ContainerBase.[Tomcat].[localhost].[/]] DirectJDKLog.java:173 - Initializing Spring embedded WebApplicationContext
2024-09-22 21:12:13,831 [main] INFO  [o.s.b.w.s.c.ServletWebServerApplicationContext] ServletWebServerApplicationContext.java:292 - Root WebApplicationContext: initialization completed in 513 ms
2024-09-22 21:12:13,940 [main] WARN  [o.s.b.w.s.c.AnnotationConfigServletWebServerApplicationContext] AbstractApplicationContext.java:591 - Exception encountered during context initialization - cancelling refresh attempt: org.springframework.beans.factory.BeanCreationException: Error creating bean with name 'questionnaireController': Injection of resource dependencies failed; nested exception is org.springframework.beans.factory.BeanCreationException: Error creating bean with name 'questionnaireServiceImpl': Injection of resource dependencies failed; nested exception is org.springframework.beans.factory.BeanCreationException: Error creating bean with name 'questionnaireMapper' defined in file [/Users/chenkedi/Downloads/code/nbt_hongwaixian/target/classes/org/example/mapper/QuestionnaireMapper.class]: Invocation of init method failed; nested exception is java.lang.IllegalArgumentException: Property 'sqlSessionFactory' or 'sqlSessionTemplate' are required
2024-09-22 21:12:13,948 [main] INFO  [org.apache.catalina.core.StandardService] DirectJDKLog.java:173 - Stopping service [Tomcat]
2024-09-22 21:12:13,954 [main] INFO  [o.s.b.a.l.ConditionEvaluationReportLoggingListener] ConditionEvaluationReportLoggingListener.java:136 - 

Error starting ApplicationContext. To display the conditions report re-run your application with 'debug' enabled.
2024-09-22 21:12:13,961 [main] ERROR [org.springframework.boot.SpringApplication] SpringApplication.java:824 - Application run failed
org.springframework.beans.factory.BeanCreationException: Error creating bean with name 'questionnaireController': Injection of resource dependencies failed; nested exception is org.springframework.beans.factory.BeanCreationException: Error creating bean with name 'questionnaireServiceImpl': Injection of resource dependencies failed; nested exception is org.springframework.beans.factory.BeanCreationException: Error creating bean with name 'questionnaireMapper' defined in file [/Users/chenkedi/Downloads/code/nbt_hongwaixian/target/classes/org/example/mapper/QuestionnaireMapper.class]: Invocation of init method failed; nested exception is java.lang.IllegalArgumentException: Property 'sqlSessionFactory' or 'sqlSessionTemplate' are required
	at org.springframework.context.annotation.CommonAnnotationBeanPostProcessor.postProcessProperties(CommonAnnotationBeanPostProcessor.java:332)
	at org.springframework.beans.factory.support.AbstractAutowireCapableBeanFactory.populateBean(AbstractAutowireCapableBeanFactory.java:1431)
	at org.springframework.beans.factory.support.AbstractAutowireCapableBeanFactory.doCreateBean(AbstractAutowireCapableBeanFactory.java:619)
	at org.springframework.beans.factory.support.AbstractAutowireCapableBeanFactory.createBean(AbstractAutowireCapableBeanFactory.java:542)
	at org.springframework.beans.factory.support.AbstractBeanFactory.lambda$doGetBean$0(AbstractBeanFactory.java:335)
	at org.springframework.beans.factory.support.DefaultSingletonBeanRegistry.getSingleton(DefaultSingletonBeanRegistry.java:234)
	at org.springframework.beans.factory.support.AbstractBeanFactory.doGetBean(AbstractBeanFactory.java:333)
	at org.springframework.beans.factory.support.AbstractBeanFactory.getBean(AbstractBeanFactory.java:208)
	at org.springframework.beans.factory.support.DefaultListableBeanFactory.preInstantiateSingletons(DefaultListableBeanFactory.java:955)
	at org.springframework.context.support.AbstractApplicationContext.finishBeanFactoryInitialization(AbstractApplicationContext.java:918)
	at org.springframework.context.support.AbstractApplicationContext.refresh(AbstractApplicationContext.java:583)
	at org.springframework.boot.web.servlet.context.ServletWebServerApplicationContext.refresh(ServletWebServerApplicationContext.java:147)
	at org.springframework.boot.SpringApplication.refresh(SpringApplication.java:734)
	at org.springframework.boot.SpringApplication.refreshContext(SpringApplication.java:408)
	at org.springframework.boot.SpringApplication.run(SpringApplication.java:308)
	at org.springframework.boot.SpringApplication.run(SpringApplication.java:1306)
	at org.springframework.boot.SpringApplication.run(SpringApplication.java:1295)
	at org.example.App.main(App.java:13)
Caused by: org.springframework.beans.factory.BeanCreationException: Error creating bean with name 'questionnaireServiceImpl': Injection of resource dependencies failed; nested exception is org.springframework.beans.factory.BeanCreationException: Error creating bean with name 'questionnaireMapper' defined in file [/Users/chenkedi/Downloads/code/nbt_hongwaixian/target/classes/org/example/mapper/QuestionnaireMapper.class]: Invocation of init method failed; nested exception is java.lang.IllegalArgumentException: Property 'sqlSessionFactory' or 'sqlSessionTemplate' are required
	at org.springframework.context.annotation.CommonAnnotationBeanPostProcessor.postProcessProperties(CommonAnnotationBeanPostProcessor.java:332)
	at org.springframework.beans.factory.support.AbstractAutowireCapableBeanFactory.populateBean(AbstractAutowireCapableBeanFactory.java:1431)
	at org.springframework.beans.factory.support.AbstractAutowireCapableBeanFactory.doCreateBean(AbstractAutowireCapableBeanFactory.java:619)
	at org.springframework.beans.factory.support.AbstractAutowireCapableBeanFactory.createBean(AbstractAutowireCapableBeanFactory.java:542)
	at org.springframework.beans.factory.support.AbstractBeanFactory.lambda$doGetBean$0(AbstractBeanFactory.java:335)
	at org.springframework.beans.factory.support.DefaultSingletonBeanRegistry.getSingleton(DefaultSingletonBeanRegistry.java:234)
	at org.springframework.beans.factory.support.AbstractBeanFactory.doGetBean(AbstractBeanFactory.java:333)
	at org.springframework.beans.factory.support.AbstractBeanFactory.getBean(AbstractBeanFactory.java:208)
	at org.springframework.beans.factory.config.DependencyDescriptor.resolveCandidate(DependencyDescriptor.java:276)
	at org.springframework.beans.factory.support.DefaultListableBeanFactory.doResolveDependency(DefaultListableBeanFactory.java:1391)
	at org.springframework.beans.factory.support.DefaultListableBeanFactory.resolveDependency(DefaultListableBeanFactory.java:1311)
	at org.springframework.context.annotation.CommonAnnotationBeanPostProcessor.autowireResource(CommonAnnotationBeanPostProcessor.java:544)
	at org.springframework.context.annotation.CommonAnnotationBeanPostProcessor.getResource(CommonAnnotationBeanPostProcessor.java:520)
	at org.springframework.context.annotation.CommonAnnotationBeanPostProcessor$ResourceElement.getResourceToInject(CommonAnnotationBeanPostProcessor.java:673)
	at org.springframework.beans.factory.annotation.InjectionMetadata$InjectedElement.inject(InjectionMetadata.java:228)
	at org.springframework.beans.factory.annotation.InjectionMetadata.inject(InjectionMetadata.java:119)
	at org.springframework.context.annotation.CommonAnnotationBeanPostProcessor.postProcessProperties(CommonAnnotationBeanPostProcessor.java:329)
	... 17 common frames omitted
Caused by: org.springframework.beans.factory.BeanCreationException: Error creating bean with name 'questionnaireMapper' defined in file [/Users/chenkedi/Downloads/code/nbt_hongwaixian/target/classes/org/example/mapper/QuestionnaireMapper.class]: Invocation of init method failed; nested exception is java.lang.IllegalArgumentException: Property 'sqlSessionFactory' or 'sqlSessionTemplate' are required
	at org.springframework.beans.factory.support.AbstractAutowireCapableBeanFactory.initializeBean(AbstractAutowireCapableBeanFactory.java:1804)
	at org.springframework.beans.factory.support.AbstractAutowireCapableBeanFactory.doCreateBean(AbstractAutowireCapableBeanFactory.java:620)
	at org.springframework.beans.factory.support.AbstractAutowireCapableBeanFactory.createBean(AbstractAutowireCapableBeanFactory.java:542)
	at org.springframework.beans.factory.support.AbstractBeanFactory.lambda$doGetBean$0(AbstractBeanFactory.java:335)
	at org.springframework.beans.factory.support.DefaultSingletonBeanRegistry.getSingleton(DefaultSingletonBeanRegistry.java:234)
	at org.springframework.beans.factory.support.AbstractBeanFactory.doGetBean(AbstractBeanFactory.java:333)
	at org.springframework.beans.factory.support.AbstractBeanFactory.getBean(AbstractBeanFactory.java:213)
	at org.springframework.beans.factory.support.AbstractAutowireCapableBeanFactory.resolveBeanByName(AbstractAutowireCapableBeanFactory.java:479)
	at org.springframework.context.annotation.CommonAnnotationBeanPostProcessor.autowireResource(CommonAnnotationBeanPostProcessor.java:550)
	at org.springframework.context.annotation.CommonAnnotationBeanPostProcessor.getResource(CommonAnnotationBeanPostProcessor.java:520)
	at org.springframework.context.annotation.CommonAnnotationBeanPostProcessor$ResourceElement.getResourceToInject(CommonAnnotationBeanPostProcessor.java:673)
	at org.springframework.beans.factory.annotation.InjectionMetadata$InjectedElement.inject(InjectionMetadata.java:228)
	at org.springframework.beans.factory.annotation.InjectionMetadata.inject(InjectionMetadata.java:119)
	at org.springframework.context.annotation.CommonAnnotationBeanPostProcessor.postProcessProperties(CommonAnnotationBeanPostProcessor.java:329)
	... 33 common frames omitted
Caused by: java.lang.IllegalArgumentException: Property 'sqlSessionFactory' or 'sqlSessionTemplate' are required
	at org.springframework.util.Assert.notNull(Assert.java:201)
	at org.mybatis.spring.support.SqlSessionDaoSupport.checkDaoConfig(SqlSessionDaoSupport.java:122)
	at org.mybatis.spring.mapper.MapperFactoryBean.checkDaoConfig(MapperFactoryBean.java:73)
	at org.springframework.dao.support.DaoSupport.afterPropertiesSet(DaoSupport.java:44)
	at org.springframework.beans.factory.support.AbstractAutowireCapableBeanFactory.invokeInitMethods(AbstractAutowireCapableBeanFactory.java:1863)
	at org.springframework.beans.factory.support.AbstractAutowireCapableBeanFactory.initializeBean(AbstractAutowireCapableBeanFactory.java:1800)
	... 46 common frames omitted
2024-09-22 21:13:45,450 [main] INFO  [org.example.App] StartupInfoLogger.java:55 - Starting App using Java 1.8.0_411 on chenkedndiannao.lan with PID 14479 (/Users/chenkedi/Downloads/code/nbt_hongwaixian/target/classes started by chenkedi in /Users/chenkedi/Downloads/code/nbt_hongwaixian)
2024-09-22 21:13:45,451 [main] INFO  [org.example.App] SpringApplication.java:640 - The following 1 profile is active: "dev"
2024-09-22 21:13:45,695 [main] INFO  [o.s.d.r.config.RepositoryConfigurationDelegate] RepositoryConfigurationDelegate.java:262 - Multiple Spring Data modules found, entering strict repository configuration mode
2024-09-22 21:13:45,696 [main] INFO  [o.s.d.r.config.RepositoryConfigurationDelegate] RepositoryConfigurationDelegate.java:132 - Bootstrapping Spring Data Redis repositories in DEFAULT mode.
2024-09-22 21:13:45,704 [main] INFO  [o.s.d.r.config.RepositoryConfigurationDelegate] RepositoryConfigurationDelegate.java:201 - Finished Spring Data repository scanning in 3 ms. Found 0 Redis repository interfaces.
2024-09-22 21:13:45,953 [main] INFO  [o.s.boot.web.embedded.tomcat.TomcatWebServer] TomcatWebServer.java:108 - Tomcat initialized with port(s): 9013 (http)
2024-09-22 21:13:45,956 [main] INFO  [org.apache.coyote.http11.Http11NioProtocol] DirectJDKLog.java:173 - Initializing ProtocolHandler ["http-nio-9013"]
2024-09-22 21:13:45,956 [main] INFO  [org.apache.catalina.core.StandardService] DirectJDKLog.java:173 - Starting service [Tomcat]
2024-09-22 21:13:45,956 [main] INFO  [org.apache.catalina.core.StandardEngine] DirectJDKLog.java:173 - Starting Servlet engine: [Apache Tomcat/9.0.65]
2024-09-22 21:13:46,025 [main] INFO  [o.a.c.core.ContainerBase.[Tomcat].[localhost].[/]] DirectJDKLog.java:173 - Initializing Spring embedded WebApplicationContext
2024-09-22 21:13:46,025 [main] INFO  [o.s.b.w.s.c.ServletWebServerApplicationContext] ServletWebServerApplicationContext.java:292 - Root WebApplicationContext: initialization completed in 558 ms
2024-09-22 21:13:46,495 [main] INFO  [org.apache.coyote.http11.Http11NioProtocol] DirectJDKLog.java:173 - Starting ProtocolHandler ["http-nio-9013"]
2024-09-22 21:13:46,505 [main] INFO  [o.s.boot.web.embedded.tomcat.TomcatWebServer] TomcatWebServer.java:220 - Tomcat started on port(s): 9013 (http) with context path ''
2024-09-22 21:13:46,510 [main] INFO  [org.example.App] StartupInfoLogger.java:61 - Started App in 1.239 seconds (JVM running for 1.515)
2024-09-22 21:29:54,593 [main] INFO  [org.example.App] StartupInfoLogger.java:55 - Starting App using Java 1.8.0_411 on chenkedndiannao.lan with PID 14714 (/Users/chenkedi/Downloads/code/nbt_hongwaixian/target/classes started by chenkedi in /Users/chenkedi/Downloads/code/nbt_hongwaixian)
2024-09-22 21:29:54,594 [main] INFO  [org.example.App] SpringApplication.java:640 - The following 1 profile is active: "dev"
2024-09-22 21:29:54,837 [main] INFO  [o.s.d.r.config.RepositoryConfigurationDelegate] RepositoryConfigurationDelegate.java:262 - Multiple Spring Data modules found, entering strict repository configuration mode
2024-09-22 21:29:54,838 [main] INFO  [o.s.d.r.config.RepositoryConfigurationDelegate] RepositoryConfigurationDelegate.java:132 - Bootstrapping Spring Data Redis repositories in DEFAULT mode.
2024-09-22 21:29:54,845 [main] INFO  [o.s.d.r.config.RepositoryConfigurationDelegate] RepositoryConfigurationDelegate.java:201 - Finished Spring Data repository scanning in 3 ms. Found 0 Redis repository interfaces.
2024-09-22 21:29:55,087 [main] INFO  [o.s.boot.web.embedded.tomcat.TomcatWebServer] TomcatWebServer.java:108 - Tomcat initialized with port(s): 9013 (http)
2024-09-22 21:29:55,090 [main] INFO  [org.apache.coyote.http11.Http11NioProtocol] DirectJDKLog.java:173 - Initializing ProtocolHandler ["http-nio-9013"]
2024-09-22 21:29:55,090 [main] INFO  [org.apache.catalina.core.StandardService] DirectJDKLog.java:173 - Starting service [Tomcat]
2024-09-22 21:29:55,090 [main] INFO  [org.apache.catalina.core.StandardEngine] DirectJDKLog.java:173 - Starting Servlet engine: [Apache Tomcat/9.0.65]
2024-09-22 21:29:55,165 [main] INFO  [o.a.c.core.ContainerBase.[Tomcat].[localhost].[/]] DirectJDKLog.java:173 - Initializing Spring embedded WebApplicationContext
2024-09-22 21:29:55,165 [main] INFO  [o.s.b.w.s.c.ServletWebServerApplicationContext] ServletWebServerApplicationContext.java:292 - Root WebApplicationContext: initialization completed in 554 ms
2024-09-22 21:29:55,608 [main] INFO  [org.apache.coyote.http11.Http11NioProtocol] DirectJDKLog.java:173 - Starting ProtocolHandler ["http-nio-9013"]
2024-09-22 21:29:55,618 [main] INFO  [o.s.boot.web.embedded.tomcat.TomcatWebServer] TomcatWebServer.java:220 - Tomcat started on port(s): 9013 (http) with context path ''
2024-09-22 21:29:55,623 [main] INFO  [org.example.App] StartupInfoLogger.java:61 - Started App in 1.213 seconds (JVM running for 1.491)
2024-09-22 21:30:00,831 [http-nio-9013-exec-2] INFO  [o.a.c.core.ContainerBase.[Tomcat].[localhost].[/]] DirectJDKLog.java:173 - Initializing Spring DispatcherServlet 'dispatcherServlet'
2024-09-22 21:30:00,831 [http-nio-9013-exec-2] INFO  [org.springframework.web.servlet.DispatcherServlet] FrameworkServlet.java:525 - Initializing Servlet 'dispatcherServlet'
2024-09-22 21:30:00,832 [http-nio-9013-exec-2] INFO  [org.springframework.web.servlet.DispatcherServlet] FrameworkServlet.java:547 - Completed initialization in 1 ms
2024-09-22 21:48:20,052 [main] INFO  [org.example.App] StartupInfoLogger.java:55 - Starting App using Java 1.8.0_411 on chenkedndiannao.lan with PID 14822 (/Users/chenkedi/Downloads/code/nbt_hongwaixian/target/classes started by chenkedi in /Users/chenkedi/Downloads/code/nbt_hongwaixian)
2024-09-22 21:48:20,053 [main] INFO  [org.example.App] SpringApplication.java:640 - The following 1 profile is active: "dev"
2024-09-22 21:48:20,301 [main] INFO  [o.s.d.r.config.RepositoryConfigurationDelegate] RepositoryConfigurationDelegate.java:262 - Multiple Spring Data modules found, entering strict repository configuration mode
2024-09-22 21:48:20,302 [main] INFO  [o.s.d.r.config.RepositoryConfigurationDelegate] RepositoryConfigurationDelegate.java:132 - Bootstrapping Spring Data Redis repositories in DEFAULT mode.
2024-09-22 21:48:20,310 [main] INFO  [o.s.d.r.config.RepositoryConfigurationDelegate] RepositoryConfigurationDelegate.java:201 - Finished Spring Data repository scanning in 3 ms. Found 0 Redis repository interfaces.
2024-09-22 21:48:20,567 [main] INFO  [o.s.boot.web.embedded.tomcat.TomcatWebServer] TomcatWebServer.java:108 - Tomcat initialized with port(s): 9013 (http)
2024-09-22 21:48:20,570 [main] INFO  [org.apache.coyote.http11.Http11NioProtocol] DirectJDKLog.java:173 - Initializing ProtocolHandler ["http-nio-9013"]
2024-09-22 21:48:20,570 [main] INFO  [org.apache.catalina.core.StandardService] DirectJDKLog.java:173 - Starting service [Tomcat]
2024-09-22 21:48:20,570 [main] INFO  [org.apache.catalina.core.StandardEngine] DirectJDKLog.java:173 - Starting Servlet engine: [Apache Tomcat/9.0.65]
2024-09-22 21:48:20,640 [main] INFO  [o.a.c.core.ContainerBase.[Tomcat].[localhost].[/]] DirectJDKLog.java:173 - Initializing Spring embedded WebApplicationContext
2024-09-22 21:48:20,641 [main] INFO  [o.s.b.w.s.c.ServletWebServerApplicationContext] ServletWebServerApplicationContext.java:292 - Root WebApplicationContext: initialization completed in 571 ms
2024-09-22 21:48:21,107 [main] INFO  [org.apache.coyote.http11.Http11NioProtocol] DirectJDKLog.java:173 - Starting ProtocolHandler ["http-nio-9013"]
2024-09-22 21:48:21,117 [main] INFO  [o.s.boot.web.embedded.tomcat.TomcatWebServer] TomcatWebServer.java:220 - Tomcat started on port(s): 9013 (http) with context path ''
2024-09-22 21:48:21,121 [main] INFO  [org.example.App] StartupInfoLogger.java:61 - Started App in 1.244 seconds (JVM running for 1.523)
2024-09-22 21:48:23,682 [http-nio-9013-exec-2] INFO  [o.a.c.core.ContainerBase.[Tomcat].[localhost].[/]] DirectJDKLog.java:173 - Initializing Spring DispatcherServlet 'dispatcherServlet'
2024-09-22 21:48:23,682 [http-nio-9013-exec-2] INFO  [org.springframework.web.servlet.DispatcherServlet] FrameworkServlet.java:525 - Initializing Servlet 'dispatcherServlet'
2024-09-22 21:48:23,683 [http-nio-9013-exec-2] INFO  [org.springframework.web.servlet.DispatcherServlet] FrameworkServlet.java:547 - Completed initialization in 1 ms
2024-09-22 21:51:39,268 [main] INFO  [org.example.App] StartupInfoLogger.java:55 - Starting App using Java 1.8.0_411 on chenkedndiannao.lan with PID 14846 (/Users/chenkedi/Downloads/code/nbt_hongwaixian/target/classes started by chenkedi in /Users/chenkedi/Downloads/code/nbt_hongwaixian)
2024-09-22 21:51:39,268 [main] INFO  [org.example.App] SpringApplication.java:640 - The following 1 profile is active: "dev"
2024-09-22 21:51:39,486 [main] INFO  [o.s.d.r.config.RepositoryConfigurationDelegate] RepositoryConfigurationDelegate.java:262 - Multiple Spring Data modules found, entering strict repository configuration mode
2024-09-22 21:51:39,487 [main] INFO  [o.s.d.r.config.RepositoryConfigurationDelegate] RepositoryConfigurationDelegate.java:132 - Bootstrapping Spring Data Redis repositories in DEFAULT mode.
2024-09-22 21:51:39,497 [main] INFO  [o.s.d.r.config.RepositoryConfigurationDelegate] RepositoryConfigurationDelegate.java:201 - Finished Spring Data repository scanning in 4 ms. Found 0 Redis repository interfaces.
2024-09-22 21:51:39,738 [main] INFO  [o.s.boot.web.embedded.tomcat.TomcatWebServer] TomcatWebServer.java:108 - Tomcat initialized with port(s): 9013 (http)
2024-09-22 21:51:39,741 [main] INFO  [org.apache.coyote.http11.Http11NioProtocol] DirectJDKLog.java:173 - Initializing ProtocolHandler ["http-nio-9013"]
2024-09-22 21:51:39,741 [main] INFO  [org.apache.catalina.core.StandardService] DirectJDKLog.java:173 - Starting service [Tomcat]
2024-09-22 21:51:39,741 [main] INFO  [org.apache.catalina.core.StandardEngine] DirectJDKLog.java:173 - Starting Servlet engine: [Apache Tomcat/9.0.65]
2024-09-22 21:51:39,812 [main] INFO  [o.a.c.core.ContainerBase.[Tomcat].[localhost].[/]] DirectJDKLog.java:173 - Initializing Spring embedded WebApplicationContext
2024-09-22 21:51:39,812 [main] INFO  [o.s.b.w.s.c.ServletWebServerApplicationContext] ServletWebServerApplicationContext.java:292 - Root WebApplicationContext: initialization completed in 528 ms
2024-09-22 21:51:40,248 [main] INFO  [org.apache.coyote.http11.Http11NioProtocol] DirectJDKLog.java:173 - Starting ProtocolHandler ["http-nio-9013"]
2024-09-22 21:51:40,257 [main] INFO  [o.s.boot.web.embedded.tomcat.TomcatWebServer] TomcatWebServer.java:220 - Tomcat started on port(s): 9013 (http) with context path ''
2024-09-22 21:51:40,262 [main] INFO  [org.example.App] StartupInfoLogger.java:61 - Started App in 1.178 seconds (JVM running for 1.406)
2024-09-22 21:51:45,406 [http-nio-9013-exec-1] INFO  [o.a.c.core.ContainerBase.[Tomcat].[localhost].[/]] DirectJDKLog.java:173 - Initializing Spring DispatcherServlet 'dispatcherServlet'
2024-09-22 21:51:45,407 [http-nio-9013-exec-1] INFO  [org.springframework.web.servlet.DispatcherServlet] FrameworkServlet.java:525 - Initializing Servlet 'dispatcherServlet'
2024-09-22 21:51:45,408 [http-nio-9013-exec-1] INFO  [org.springframework.web.servlet.DispatcherServlet] FrameworkServlet.java:547 - Completed initialization in 1 ms
2024-09-22 21:52:23,982 [main] INFO  [org.example.App] StartupInfoLogger.java:55 - Starting App using Java 1.8.0_411 on chenkedndiannao.lan with PID 14851 (/Users/chenkedi/Downloads/code/nbt_hongwaixian/target/classes started by chenkedi in /Users/chenkedi/Downloads/code/nbt_hongwaixian)
2024-09-22 21:52:23,983 [main] INFO  [org.example.App] SpringApplication.java:640 - The following 1 profile is active: "dev"
2024-09-22 21:52:24,199 [main] INFO  [o.s.d.r.config.RepositoryConfigurationDelegate] RepositoryConfigurationDelegate.java:262 - Multiple Spring Data modules found, entering strict repository configuration mode
2024-09-22 21:52:24,200 [main] INFO  [o.s.d.r.config.RepositoryConfigurationDelegate] RepositoryConfigurationDelegate.java:132 - Bootstrapping Spring Data Redis repositories in DEFAULT mode.
2024-09-22 21:52:24,208 [main] INFO  [o.s.d.r.config.RepositoryConfigurationDelegate] RepositoryConfigurationDelegate.java:201 - Finished Spring Data repository scanning in 3 ms. Found 0 Redis repository interfaces.
2024-09-22 21:52:24,446 [main] INFO  [o.s.boot.web.embedded.tomcat.TomcatWebServer] TomcatWebServer.java:108 - Tomcat initialized with port(s): 9013 (http)
2024-09-22 21:52:24,448 [main] INFO  [org.apache.coyote.http11.Http11NioProtocol] DirectJDKLog.java:173 - Initializing ProtocolHandler ["http-nio-9013"]
2024-09-22 21:52:24,449 [main] INFO  [org.apache.catalina.core.StandardService] DirectJDKLog.java:173 - Starting service [Tomcat]
2024-09-22 21:52:24,449 [main] INFO  [org.apache.catalina.core.StandardEngine] DirectJDKLog.java:173 - Starting Servlet engine: [Apache Tomcat/9.0.65]
2024-09-22 21:52:24,511 [main] INFO  [o.a.c.core.ContainerBase.[Tomcat].[localhost].[/]] DirectJDKLog.java:173 - Initializing Spring embedded WebApplicationContext
2024-09-22 21:52:24,511 [main] INFO  [o.s.b.w.s.c.ServletWebServerApplicationContext] ServletWebServerApplicationContext.java:292 - Root WebApplicationContext: initialization completed in 512 ms
2024-09-22 21:52:24,952 [main] INFO  [org.apache.coyote.http11.Http11NioProtocol] DirectJDKLog.java:173 - Starting ProtocolHandler ["http-nio-9013"]
2024-09-22 21:52:24,962 [main] INFO  [o.s.boot.web.embedded.tomcat.TomcatWebServer] TomcatWebServer.java:220 - Tomcat started on port(s): 9013 (http) with context path ''
2024-09-22 21:52:24,966 [main] INFO  [org.example.App] StartupInfoLogger.java:61 - Started App in 1.154 seconds (JVM running for 1.378)
2024-09-22 21:52:27,624 [http-nio-9013-exec-2] INFO  [o.a.c.core.ContainerBase.[Tomcat].[localhost].[/]] DirectJDKLog.java:173 - Initializing Spring DispatcherServlet 'dispatcherServlet'
2024-09-22 21:52:27,624 [http-nio-9013-exec-2] INFO  [org.springframework.web.servlet.DispatcherServlet] FrameworkServlet.java:525 - Initializing Servlet 'dispatcherServlet'
2024-09-22 21:52:27,625 [http-nio-9013-exec-2] INFO  [org.springframework.web.servlet.DispatcherServlet] FrameworkServlet.java:547 - Completed initialization in 1 ms
2024-09-22 21:52:27,712 [http-nio-9013-exec-2] ERROR [org.example.utils.JWTUtil] JWTUtil.java:64 - com.auth0.jwt.exceptions.SignatureVerificationException: The Token's Signature resulted invalid when verified using the Algorithm: HmacSHA256
2024-09-22 21:53:37,890 [main] INFO  [org.example.App] StartupInfoLogger.java:55 - Starting App using Java 1.8.0_411 on chenkedndiannao.lan with PID 14874 (/Users/chenkedi/Downloads/code/nbt_hongwaixian/target/classes started by chenkedi in /Users/chenkedi/Downloads/code/nbt_hongwaixian)
2024-09-22 21:53:37,891 [main] INFO  [org.example.App] SpringApplication.java:640 - The following 1 profile is active: "dev"
2024-09-22 21:53:38,106 [main] INFO  [o.s.d.r.config.RepositoryConfigurationDelegate] RepositoryConfigurationDelegate.java:262 - Multiple Spring Data modules found, entering strict repository configuration mode
2024-09-22 21:53:38,106 [main] INFO  [o.s.d.r.config.RepositoryConfigurationDelegate] RepositoryConfigurationDelegate.java:132 - Bootstrapping Spring Data Redis repositories in DEFAULT mode.
2024-09-22 21:53:38,115 [main] INFO  [o.s.d.r.config.RepositoryConfigurationDelegate] RepositoryConfigurationDelegate.java:201 - Finished Spring Data repository scanning in 3 ms. Found 0 Redis repository interfaces.
2024-09-22 21:53:38,367 [main] INFO  [o.s.boot.web.embedded.tomcat.TomcatWebServer] TomcatWebServer.java:108 - Tomcat initialized with port(s): 9013 (http)
2024-09-22 21:53:38,370 [main] INFO  [org.apache.coyote.http11.Http11NioProtocol] DirectJDKLog.java:173 - Initializing ProtocolHandler ["http-nio-9013"]
2024-09-22 21:53:38,370 [main] INFO  [org.apache.catalina.core.StandardService] DirectJDKLog.java:173 - Starting service [Tomcat]
2024-09-22 21:53:38,370 [main] INFO  [org.apache.catalina.core.StandardEngine] DirectJDKLog.java:173 - Starting Servlet engine: [Apache Tomcat/9.0.65]
2024-09-22 21:53:38,438 [main] INFO  [o.a.c.core.ContainerBase.[Tomcat].[localhost].[/]] DirectJDKLog.java:173 - Initializing Spring embedded WebApplicationContext
2024-09-22 21:53:38,438 [main] INFO  [o.s.b.w.s.c.ServletWebServerApplicationContext] ServletWebServerApplicationContext.java:292 - Root WebApplicationContext: initialization completed in 530 ms
2024-09-22 21:53:38,881 [main] INFO  [org.apache.coyote.http11.Http11NioProtocol] DirectJDKLog.java:173 - Starting ProtocolHandler ["http-nio-9013"]
2024-09-22 21:53:38,891 [main] INFO  [o.s.boot.web.embedded.tomcat.TomcatWebServer] TomcatWebServer.java:220 - Tomcat started on port(s): 9013 (http) with context path ''
2024-09-22 21:53:38,896 [main] INFO  [org.example.App] StartupInfoLogger.java:61 - Started App in 1.19 seconds (JVM running for 1.443)
2024-09-22 21:53:42,368 [http-nio-9013-exec-1] INFO  [o.a.c.core.ContainerBase.[Tomcat].[localhost].[/]] DirectJDKLog.java:173 - Initializing Spring DispatcherServlet 'dispatcherServlet'
2024-09-22 21:53:42,370 [http-nio-9013-exec-1] INFO  [org.springframework.web.servlet.DispatcherServlet] FrameworkServlet.java:525 - Initializing Servlet 'dispatcherServlet'
2024-09-22 21:53:42,372 [http-nio-9013-exec-1] INFO  [org.springframework.web.servlet.DispatcherServlet] FrameworkServlet.java:547 - Completed initialization in 1 ms
2024-09-22 21:53:42,478 [http-nio-9013-exec-1] ERROR [org.example.utils.JWTUtil] JWTUtil.java:64 - com.auth0.jwt.exceptions.SignatureVerificationException: The Token's Signature resulted invalid when verified using the Algorithm: HmacSHA256
2024-09-22 21:55:46,200 [main] INFO  [org.example.App] StartupInfoLogger.java:55 - Starting App using Java 1.8.0_411 on chenkedndiannao.lan with PID 14925 (/Users/chenkedi/Downloads/code/nbt_hongwaixian/target/classes started by chenkedi in /Users/chenkedi/Downloads/code/nbt_hongwaixian)
2024-09-22 21:55:46,201 [main] INFO  [org.example.App] SpringApplication.java:640 - The following 1 profile is active: "dev"
2024-09-22 21:55:46,418 [main] INFO  [o.s.d.r.config.RepositoryConfigurationDelegate] RepositoryConfigurationDelegate.java:262 - Multiple Spring Data modules found, entering strict repository configuration mode
2024-09-22 21:55:46,419 [main] INFO  [o.s.d.r.config.RepositoryConfigurationDelegate] RepositoryConfigurationDelegate.java:132 - Bootstrapping Spring Data Redis repositories in DEFAULT mode.
2024-09-22 21:55:46,427 [main] INFO  [o.s.d.r.config.RepositoryConfigurationDelegate] RepositoryConfigurationDelegate.java:201 - Finished Spring Data repository scanning in 3 ms. Found 0 Redis repository interfaces.
2024-09-22 21:55:46,664 [main] INFO  [o.s.boot.web.embedded.tomcat.TomcatWebServer] TomcatWebServer.java:108 - Tomcat initialized with port(s): 9013 (http)
2024-09-22 21:55:46,667 [main] INFO  [org.apache.coyote.http11.Http11NioProtocol] DirectJDKLog.java:173 - Initializing ProtocolHandler ["http-nio-9013"]
2024-09-22 21:55:46,667 [main] INFO  [org.apache.catalina.core.StandardService] DirectJDKLog.java:173 - Starting service [Tomcat]
2024-09-22 21:55:46,667 [main] INFO  [org.apache.catalina.core.StandardEngine] DirectJDKLog.java:173 - Starting Servlet engine: [Apache Tomcat/9.0.65]
2024-09-22 21:55:46,732 [main] INFO  [o.a.c.core.ContainerBase.[Tomcat].[localhost].[/]] DirectJDKLog.java:173 - Initializing Spring embedded WebApplicationContext
2024-09-22 21:55:46,732 [main] INFO  [o.s.b.w.s.c.ServletWebServerApplicationContext] ServletWebServerApplicationContext.java:292 - Root WebApplicationContext: initialization completed in 514 ms
2024-09-22 21:55:47,168 [main] INFO  [org.apache.coyote.http11.Http11NioProtocol] DirectJDKLog.java:173 - Starting ProtocolHandler ["http-nio-9013"]
2024-09-22 21:55:47,177 [main] INFO  [o.s.boot.web.embedded.tomcat.TomcatWebServer] TomcatWebServer.java:220 - Tomcat started on port(s): 9013 (http) with context path ''
2024-09-22 21:55:47,182 [main] INFO  [org.example.App] StartupInfoLogger.java:61 - Started App in 1.164 seconds (JVM running for 1.389)
2024-09-22 21:55:50,062 [http-nio-9013-exec-2] INFO  [o.a.c.core.ContainerBase.[Tomcat].[localhost].[/]] DirectJDKLog.java:173 - Initializing Spring DispatcherServlet 'dispatcherServlet'
2024-09-22 21:55:50,062 [http-nio-9013-exec-2] INFO  [org.springframework.web.servlet.DispatcherServlet] FrameworkServlet.java:525 - Initializing Servlet 'dispatcherServlet'
2024-09-22 21:55:50,063 [http-nio-9013-exec-2] INFO  [org.springframework.web.servlet.DispatcherServlet] FrameworkServlet.java:547 - Completed initialization in 1 ms
2024-09-22 21:55:50,146 [http-nio-9013-exec-2] ERROR [org.example.utils.JWTUtil] JWTUtil.java:69 - com.auth0.jwt.exceptions.SignatureVerificationException: The Token's Signature resulted invalid when verified using the Algorithm: HmacSHA256
2024-09-22 21:58:56,091 [http-nio-9013-exec-4] ERROR [org.example.utils.JWTUtil] JWTUtil.java:69 - com.auth0.jwt.exceptions.SignatureVerificationException: The Token's Signature resulted invalid when verified using the Algorithm: HmacSHA256
2024-09-22 21:59:01,730 [main] INFO  [org.example.App] StartupInfoLogger.java:55 - Starting App using Java 1.8.0_411 on chenkedndiannao.lan with PID 14970 (/Users/chenkedi/Downloads/code/nbt_hongwaixian/target/classes started by chenkedi in /Users/chenkedi/Downloads/code/nbt_hongwaixian)
2024-09-22 21:59:01,731 [main] INFO  [org.example.App] SpringApplication.java:640 - The following 1 profile is active: "dev"
2024-09-22 21:59:01,952 [main] INFO  [o.s.d.r.config.RepositoryConfigurationDelegate] RepositoryConfigurationDelegate.java:262 - Multiple Spring Data modules found, entering strict repository configuration mode
2024-09-22 21:59:01,953 [main] INFO  [o.s.d.r.config.RepositoryConfigurationDelegate] RepositoryConfigurationDelegate.java:132 - Bootstrapping Spring Data Redis repositories in DEFAULT mode.
2024-09-22 21:59:01,961 [main] INFO  [o.s.d.r.config.RepositoryConfigurationDelegate] RepositoryConfigurationDelegate.java:201 - Finished Spring Data repository scanning in 3 ms. Found 0 Redis repository interfaces.
2024-09-22 21:59:02,207 [main] INFO  [o.s.boot.web.embedded.tomcat.TomcatWebServer] TomcatWebServer.java:108 - Tomcat initialized with port(s): 9013 (http)
2024-09-22 21:59:02,210 [main] INFO  [org.apache.coyote.http11.Http11NioProtocol] DirectJDKLog.java:173 - Initializing ProtocolHandler ["http-nio-9013"]
2024-09-22 21:59:02,210 [main] INFO  [org.apache.catalina.core.StandardService] DirectJDKLog.java:173 - Starting service [Tomcat]
2024-09-22 21:59:02,211 [main] INFO  [org.apache.catalina.core.StandardEngine] DirectJDKLog.java:173 - Starting Servlet engine: [Apache Tomcat/9.0.65]
2024-09-22 21:59:02,281 [main] INFO  [o.a.c.core.ContainerBase.[Tomcat].[localhost].[/]] DirectJDKLog.java:173 - Initializing Spring embedded WebApplicationContext
2024-09-22 21:59:02,281 [main] INFO  [o.s.b.w.s.c.ServletWebServerApplicationContext] ServletWebServerApplicationContext.java:292 - Root WebApplicationContext: initialization completed in 532 ms
2024-09-22 21:59:02,742 [main] INFO  [org.apache.coyote.http11.Http11NioProtocol] DirectJDKLog.java:173 - Starting ProtocolHandler ["http-nio-9013"]
2024-09-22 21:59:02,751 [main] INFO  [o.s.boot.web.embedded.tomcat.TomcatWebServer] TomcatWebServer.java:220 - Tomcat started on port(s): 9013 (http) with context path ''
2024-09-22 21:59:02,756 [main] INFO  [org.example.App] StartupInfoLogger.java:61 - Started App in 1.202 seconds (JVM running for 1.439)
2024-09-22 21:59:07,446 [http-nio-9013-exec-1] INFO  [o.a.c.core.ContainerBase.[Tomcat].[localhost].[/]] DirectJDKLog.java:173 - Initializing Spring DispatcherServlet 'dispatcherServlet'
2024-09-22 21:59:07,446 [http-nio-9013-exec-1] INFO  [org.springframework.web.servlet.DispatcherServlet] FrameworkServlet.java:525 - Initializing Servlet 'dispatcherServlet'
2024-09-22 21:59:07,447 [http-nio-9013-exec-1] INFO  [org.springframework.web.servlet.DispatcherServlet] FrameworkServlet.java:547 - Completed initialization in 1 ms
2024-09-22 21:59:07,530 [http-nio-9013-exec-1] ERROR [org.example.utils.JWTUtil] JWTUtil.java:65 - com.auth0.jwt.exceptions.TokenExpiredException: The Token has expired on Thu Nov 23 14:26:19 CST 2023.
2024-09-22 21:59:40,381 [http-nio-9013-exec-3] ERROR [org.example.utils.JWTUtil] JWTUtil.java:65 - com.auth0.jwt.exceptions.TokenExpiredException: The Token has expired on Thu Nov 23 14:26:19 CST 2023.
2024-09-22 22:00:20,363 [http-nio-9013-exec-4] ERROR [org.example.utils.JWTUtil] JWTUtil.java:65 - com.auth0.jwt.exceptions.TokenExpiredException: The Token has expired on Thu Nov 23 14:26:19 CST 2023.
2024-09-22 22:00:51,818 [http-nio-9013-exec-5] ERROR [org.example.utils.JWTUtil] JWTUtil.java:65 - com.auth0.jwt.exceptions.TokenExpiredException: The Token has expired on Thu Nov 23 14:26:19 CST 2023.
2024-09-22 22:01:10,435 [http-nio-9013-exec-6] ERROR [org.example.utils.JWTUtil] JWTUtil.java:65 - com.auth0.jwt.exceptions.TokenExpiredException: The Token has expired on Thu Nov 23 14:26:19 CST 2023.
2024-09-22 22:01:25,042 [http-nio-9013-exec-7] ERROR [org.example.utils.JWTUtil] JWTUtil.java:65 - com.auth0.jwt.exceptions.TokenExpiredException: The Token has expired on Thu Nov 23 14:26:19 CST 2023.
2024-09-22 22:01:32,859 [main] INFO  [org.example.App] StartupInfoLogger.java:55 - Starting App using Java 1.8.0_411 on chenkedndiannao.lan with PID 14992 (/Users/chenkedi/Downloads/code/nbt_hongwaixian/target/classes started by chenkedi in /Users/chenkedi/Downloads/code/nbt_hongwaixian)
2024-09-22 22:01:32,860 [main] INFO  [org.example.App] SpringApplication.java:640 - The following 1 profile is active: "dev"
2024-09-22 22:01:33,077 [main] INFO  [o.s.d.r.config.RepositoryConfigurationDelegate] RepositoryConfigurationDelegate.java:262 - Multiple Spring Data modules found, entering strict repository configuration mode
2024-09-22 22:01:33,078 [main] INFO  [o.s.d.r.config.RepositoryConfigurationDelegate] RepositoryConfigurationDelegate.java:132 - Bootstrapping Spring Data Redis repositories in DEFAULT mode.
2024-09-22 22:01:33,086 [main] INFO  [o.s.d.r.config.RepositoryConfigurationDelegate] RepositoryConfigurationDelegate.java:201 - Finished Spring Data repository scanning in 3 ms. Found 0 Redis repository interfaces.
2024-09-22 22:01:33,333 [main] INFO  [o.s.boot.web.embedded.tomcat.TomcatWebServer] TomcatWebServer.java:108 - Tomcat initialized with port(s): 9013 (http)
2024-09-22 22:01:33,335 [main] INFO  [org.apache.coyote.http11.Http11NioProtocol] DirectJDKLog.java:173 - Initializing ProtocolHandler ["http-nio-9013"]
2024-09-22 22:01:33,336 [main] INFO  [org.apache.catalina.core.StandardService] DirectJDKLog.java:173 - Starting service [Tomcat]
2024-09-22 22:01:33,336 [main] INFO  [org.apache.catalina.core.StandardEngine] DirectJDKLog.java:173 - Starting Servlet engine: [Apache Tomcat/9.0.65]
2024-09-22 22:01:33,404 [main] INFO  [o.a.c.core.ContainerBase.[Tomcat].[localhost].[/]] DirectJDKLog.java:173 - Initializing Spring embedded WebApplicationContext
2024-09-22 22:01:33,404 [main] INFO  [o.s.b.w.s.c.ServletWebServerApplicationContext] ServletWebServerApplicationContext.java:292 - Root WebApplicationContext: initialization completed in 526 ms
2024-09-22 22:01:33,856 [main] INFO  [org.apache.coyote.http11.Http11NioProtocol] DirectJDKLog.java:173 - Starting ProtocolHandler ["http-nio-9013"]
2024-09-22 22:01:33,866 [main] INFO  [o.s.boot.web.embedded.tomcat.TomcatWebServer] TomcatWebServer.java:220 - Tomcat started on port(s): 9013 (http) with context path ''
2024-09-22 22:01:33,870 [main] INFO  [org.example.App] StartupInfoLogger.java:61 - Started App in 1.235 seconds (JVM running for 1.475)
2024-09-22 22:01:37,714 [http-nio-9013-exec-1] INFO  [o.a.c.core.ContainerBase.[Tomcat].[localhost].[/]] DirectJDKLog.java:173 - Initializing Spring DispatcherServlet 'dispatcherServlet'
2024-09-22 22:01:37,714 [http-nio-9013-exec-1] INFO  [org.springframework.web.servlet.DispatcherServlet] FrameworkServlet.java:525 - Initializing Servlet 'dispatcherServlet'
2024-09-22 22:01:37,715 [http-nio-9013-exec-1] INFO  [org.springframework.web.servlet.DispatcherServlet] FrameworkServlet.java:547 - Completed initialization in 1 ms
2024-09-22 22:01:37,803 [http-nio-9013-exec-1] ERROR [org.example.utils.JWTUtil] JWTUtil.java:64 - com.auth0.jwt.exceptions.TokenExpiredException: The Token has expired on Thu Nov 23 14:26:19 CST 2023.
2024-09-22 22:03:06,581 [http-nio-9013-exec-3] ERROR [org.example.utils.JWTUtil] JWTUtil.java:64 - com.auth0.jwt.exceptions.TokenExpiredException: The Token has expired on Thu Nov 23 14:26:19 CST 2023.
2024-09-22 22:05:31,945 [main] INFO  [org.example.App] StartupInfoLogger.java:55 - Starting App using Java 1.8.0_411 on chenkedndiannao.lan with PID 15043 (/Users/chenkedi/Downloads/code/nbt_hongwaixian/target/classes started by chenkedi in /Users/chenkedi/Downloads/code/nbt_hongwaixian)
2024-09-22 22:05:31,945 [main] INFO  [org.example.App] SpringApplication.java:640 - The following 1 profile is active: "dev"
2024-09-22 22:05:32,183 [main] INFO  [o.s.d.r.config.RepositoryConfigurationDelegate] RepositoryConfigurationDelegate.java:262 - Multiple Spring Data modules found, entering strict repository configuration mode
2024-09-22 22:05:32,184 [main] INFO  [o.s.d.r.config.RepositoryConfigurationDelegate] RepositoryConfigurationDelegate.java:132 - Bootstrapping Spring Data Redis repositories in DEFAULT mode.
2024-09-22 22:05:32,193 [main] INFO  [o.s.d.r.config.RepositoryConfigurationDelegate] RepositoryConfigurationDelegate.java:201 - Finished Spring Data repository scanning in 3 ms. Found 0 Redis repository interfaces.
2024-09-22 22:05:32,453 [main] INFO  [o.s.boot.web.embedded.tomcat.TomcatWebServer] TomcatWebServer.java:108 - Tomcat initialized with port(s): 9013 (http)
2024-09-22 22:05:32,457 [main] INFO  [org.apache.coyote.http11.Http11NioProtocol] DirectJDKLog.java:173 - Initializing ProtocolHandler ["http-nio-9013"]
2024-09-22 22:05:32,457 [main] INFO  [org.apache.catalina.core.StandardService] DirectJDKLog.java:173 - Starting service [Tomcat]
2024-09-22 22:05:32,457 [main] INFO  [org.apache.catalina.core.StandardEngine] DirectJDKLog.java:173 - Starting Servlet engine: [Apache Tomcat/9.0.65]
2024-09-22 22:05:32,529 [main] INFO  [o.a.c.core.ContainerBase.[Tomcat].[localhost].[/]] DirectJDKLog.java:173 - Initializing Spring embedded WebApplicationContext
2024-09-22 22:05:32,529 [main] INFO  [o.s.b.w.s.c.ServletWebServerApplicationContext] ServletWebServerApplicationContext.java:292 - Root WebApplicationContext: initialization completed in 567 ms
2024-09-22 22:05:32,995 [main] INFO  [org.apache.coyote.http11.Http11NioProtocol] DirectJDKLog.java:173 - Starting ProtocolHandler ["http-nio-9013"]
2024-09-22 22:05:33,004 [main] INFO  [o.s.boot.web.embedded.tomcat.TomcatWebServer] TomcatWebServer.java:220 - Tomcat started on port(s): 9013 (http) with context path ''
2024-09-22 22:05:33,009 [main] INFO  [org.example.App] StartupInfoLogger.java:61 - Started App in 1.24 seconds (JVM running for 1.513)
2024-09-22 22:05:35,143 [http-nio-9013-exec-1] INFO  [o.a.c.core.ContainerBase.[Tomcat].[localhost].[/]] DirectJDKLog.java:173 - Initializing Spring DispatcherServlet 'dispatcherServlet'
2024-09-22 22:05:35,143 [http-nio-9013-exec-1] INFO  [org.springframework.web.servlet.DispatcherServlet] FrameworkServlet.java:525 - Initializing Servlet 'dispatcherServlet'
2024-09-22 22:05:35,144 [http-nio-9013-exec-1] INFO  [org.springframework.web.servlet.DispatcherServlet] FrameworkServlet.java:547 - Completed initialization in 1 ms
2024-09-22 22:05:35,235 [http-nio-9013-exec-1] ERROR [org.example.utils.JWTUtil] JWTUtil.java:64 - com.auth0.jwt.exceptions.TokenExpiredException: The Token has expired on Thu Nov 23 14:26:19 CST 2023.
2024-09-22 22:08:12,528 [main] INFO  [org.example.App] StartupInfoLogger.java:55 - Starting App using Java 1.8.0_411 on chenkedndiannao.lan with PID 15061 (/Users/chenkedi/Downloads/code/nbt_hongwaixian/target/classes started by chenkedi in /Users/chenkedi/Downloads/code/nbt_hongwaixian)
2024-09-22 22:08:12,529 [main] INFO  [org.example.App] SpringApplication.java:640 - The following 1 profile is active: "dev"
2024-09-22 22:08:12,747 [main] INFO  [o.s.d.r.config.RepositoryConfigurationDelegate] RepositoryConfigurationDelegate.java:262 - Multiple Spring Data modules found, entering strict repository configuration mode
2024-09-22 22:08:12,748 [main] INFO  [o.s.d.r.config.RepositoryConfigurationDelegate] RepositoryConfigurationDelegate.java:132 - Bootstrapping Spring Data Redis repositories in DEFAULT mode.
2024-09-22 22:08:12,756 [main] INFO  [o.s.d.r.config.RepositoryConfigurationDelegate] RepositoryConfigurationDelegate.java:201 - Finished Spring Data repository scanning in 3 ms. Found 0 Redis repository interfaces.
2024-09-22 22:08:12,995 [main] INFO  [o.s.boot.web.embedded.tomcat.TomcatWebServer] TomcatWebServer.java:108 - Tomcat initialized with port(s): 9013 (http)
2024-09-22 22:08:12,998 [main] INFO  [org.apache.coyote.http11.Http11NioProtocol] DirectJDKLog.java:173 - Initializing ProtocolHandler ["http-nio-9013"]
2024-09-22 22:08:12,998 [main] INFO  [org.apache.catalina.core.StandardService] DirectJDKLog.java:173 - Starting service [Tomcat]
2024-09-22 22:08:12,998 [main] INFO  [org.apache.catalina.core.StandardEngine] DirectJDKLog.java:173 - Starting Servlet engine: [Apache Tomcat/9.0.65]
2024-09-22 22:08:13,069 [main] INFO  [o.a.c.core.ContainerBase.[Tomcat].[localhost].[/]] DirectJDKLog.java:173 - Initializing Spring embedded WebApplicationContext
2024-09-22 22:08:13,069 [main] INFO  [o.s.b.w.s.c.ServletWebServerApplicationContext] ServletWebServerApplicationContext.java:292 - Root WebApplicationContext: initialization completed in 523 ms
2024-09-22 22:08:13,509 [main] INFO  [org.apache.coyote.http11.Http11NioProtocol] DirectJDKLog.java:173 - Starting ProtocolHandler ["http-nio-9013"]
2024-09-22 22:08:13,519 [main] INFO  [o.s.boot.web.embedded.tomcat.TomcatWebServer] TomcatWebServer.java:220 - Tomcat started on port(s): 9013 (http) with context path ''
2024-09-22 22:08:13,524 [main] INFO  [org.example.App] StartupInfoLogger.java:61 - Started App in 1.167 seconds (JVM running for 1.395)
2024-09-22 22:08:16,942 [http-nio-9013-exec-2] INFO  [o.a.c.core.ContainerBase.[Tomcat].[localhost].[/]] DirectJDKLog.java:173 - Initializing Spring DispatcherServlet 'dispatcherServlet'
2024-09-22 22:08:16,942 [http-nio-9013-exec-2] INFO  [org.springframework.web.servlet.DispatcherServlet] FrameworkServlet.java:525 - Initializing Servlet 'dispatcherServlet'
2024-09-22 22:08:16,943 [http-nio-9013-exec-2] INFO  [org.springframework.web.servlet.DispatcherServlet] FrameworkServlet.java:547 - Completed initialization in 1 ms
2024-09-22 22:08:17,028 [http-nio-9013-exec-2] ERROR [org.example.utils.JWTUtil] JWTUtil.java:64 - com.auth0.jwt.exceptions.TokenExpiredException: The Token has expired on Thu Nov 23 14:26:19 CST 2023.
2024-09-22 22:13:07,502 [main] INFO  [org.example.App] StartupInfoLogger.java:55 - Starting App using Java 1.8.0_411 on chenkedndiannao.lan with PID 15095 (/Users/chenkedi/Downloads/code/nbt_hongwaixian/target/classes started by chenkedi in /Users/chenkedi/Downloads/code/nbt_hongwaixian)
2024-09-22 22:13:07,503 [main] INFO  [org.example.App] SpringApplication.java:640 - The following 1 profile is active: "dev"
2024-09-22 22:13:07,717 [main] INFO  [o.s.d.r.config.RepositoryConfigurationDelegate] RepositoryConfigurationDelegate.java:262 - Multiple Spring Data modules found, entering strict repository configuration mode
2024-09-22 22:13:07,717 [main] INFO  [o.s.d.r.config.RepositoryConfigurationDelegate] RepositoryConfigurationDelegate.java:132 - Bootstrapping Spring Data Redis repositories in DEFAULT mode.
2024-09-22 22:13:07,725 [main] INFO  [o.s.d.r.config.RepositoryConfigurationDelegate] RepositoryConfigurationDelegate.java:201 - Finished Spring Data repository scanning in 3 ms. Found 0 Redis repository interfaces.
2024-09-22 22:13:07,973 [main] INFO  [o.s.boot.web.embedded.tomcat.TomcatWebServer] TomcatWebServer.java:108 - Tomcat initialized with port(s): 9013 (http)
2024-09-22 22:13:07,976 [main] INFO  [org.apache.coyote.http11.Http11NioProtocol] DirectJDKLog.java:173 - Initializing ProtocolHandler ["http-nio-9013"]
2024-09-22 22:13:07,976 [main] INFO  [org.apache.catalina.core.StandardService] DirectJDKLog.java:173 - Starting service [Tomcat]
2024-09-22 22:13:07,977 [main] INFO  [org.apache.catalina.core.StandardEngine] DirectJDKLog.java:173 - Starting Servlet engine: [Apache Tomcat/9.0.65]
2024-09-22 22:13:08,047 [main] INFO  [o.a.c.core.ContainerBase.[Tomcat].[localhost].[/]] DirectJDKLog.java:173 - Initializing Spring embedded WebApplicationContext
2024-09-22 22:13:08,047 [main] INFO  [o.s.b.w.s.c.ServletWebServerApplicationContext] ServletWebServerApplicationContext.java:292 - Root WebApplicationContext: initialization completed in 527 ms
2024-09-22 22:13:08,490 [main] INFO  [org.apache.coyote.http11.Http11NioProtocol] DirectJDKLog.java:173 - Starting ProtocolHandler ["http-nio-9013"]
2024-09-22 22:13:08,499 [main] INFO  [o.s.boot.web.embedded.tomcat.TomcatWebServer] TomcatWebServer.java:220 - Tomcat started on port(s): 9013 (http) with context path ''
2024-09-22 22:13:08,504 [main] INFO  [org.example.App] StartupInfoLogger.java:61 - Started App in 1.179 seconds (JVM running for 1.415)
2024-09-22 22:13:21,043 [http-nio-9013-exec-1] INFO  [o.a.c.core.ContainerBase.[Tomcat].[localhost].[/]] DirectJDKLog.java:173 - Initializing Spring DispatcherServlet 'dispatcherServlet'
2024-09-22 22:13:21,043 [http-nio-9013-exec-1] INFO  [org.springframework.web.servlet.DispatcherServlet] FrameworkServlet.java:525 - Initializing Servlet 'dispatcherServlet'
2024-09-22 22:13:21,044 [http-nio-9013-exec-1] INFO  [org.springframework.web.servlet.DispatcherServlet] FrameworkServlet.java:547 - Completed initialization in 1 ms
2024-09-22 22:13:58,888 [http-nio-9013-exec-1] ERROR [org.example.utils.JWTUtil] JWTUtil.java:64 - com.auth0.jwt.exceptions.TokenExpiredException: The Token has expired on Thu Nov 23 14:26:19 CST 2023.
2024-09-22 22:14:37,903 [main] INFO  [org.example.App] StartupInfoLogger.java:55 - Starting App using Java 1.8.0_411 on chenkedndiannao.lan with PID 15108 (/Users/chenkedi/Downloads/code/nbt_hongwaixian/target/classes started by chenkedi in /Users/chenkedi/Downloads/code/nbt_hongwaixian)
2024-09-22 22:14:37,904 [main] INFO  [org.example.App] SpringApplication.java:640 - The following 1 profile is active: "dev"
2024-09-22 22:14:38,138 [main] INFO  [o.s.d.r.config.RepositoryConfigurationDelegate] RepositoryConfigurationDelegate.java:262 - Multiple Spring Data modules found, entering strict repository configuration mode
2024-09-22 22:14:38,139 [main] INFO  [o.s.d.r.config.RepositoryConfigurationDelegate] RepositoryConfigurationDelegate.java:132 - Bootstrapping Spring Data Redis repositories in DEFAULT mode.
2024-09-22 22:14:38,147 [main] INFO  [o.s.d.r.config.RepositoryConfigurationDelegate] RepositoryConfigurationDelegate.java:201 - Finished Spring Data repository scanning in 3 ms. Found 0 Redis repository interfaces.
2024-09-22 22:14:38,403 [main] INFO  [o.s.boot.web.embedded.tomcat.TomcatWebServer] TomcatWebServer.java:108 - Tomcat initialized with port(s): 9013 (http)
2024-09-22 22:14:38,406 [main] INFO  [org.apache.coyote.http11.Http11NioProtocol] DirectJDKLog.java:173 - Initializing ProtocolHandler ["http-nio-9013"]
2024-09-22 22:14:38,407 [main] INFO  [org.apache.catalina.core.StandardService] DirectJDKLog.java:173 - Starting service [Tomcat]
2024-09-22 22:14:38,407 [main] INFO  [org.apache.catalina.core.StandardEngine] DirectJDKLog.java:173 - Starting Servlet engine: [Apache Tomcat/9.0.65]
2024-09-22 22:14:38,489 [main] INFO  [o.a.c.core.ContainerBase.[Tomcat].[localhost].[/]] DirectJDKLog.java:173 - Initializing Spring embedded WebApplicationContext
2024-09-22 22:14:38,489 [main] INFO  [o.s.b.w.s.c.ServletWebServerApplicationContext] ServletWebServerApplicationContext.java:292 - Root WebApplicationContext: initialization completed in 569 ms
2024-09-22 22:14:38,971 [main] INFO  [org.apache.coyote.http11.Http11NioProtocol] DirectJDKLog.java:173 - Starting ProtocolHandler ["http-nio-9013"]
2024-09-22 22:14:38,981 [main] INFO  [o.s.boot.web.embedded.tomcat.TomcatWebServer] TomcatWebServer.java:220 - Tomcat started on port(s): 9013 (http) with context path ''
2024-09-22 22:14:38,986 [main] INFO  [org.example.App] StartupInfoLogger.java:61 - Started App in 1.27 seconds (JVM running for 1.574)
2024-09-22 22:14:44,563 [http-nio-9013-exec-1] INFO  [o.a.c.core.ContainerBase.[Tomcat].[localhost].[/]] DirectJDKLog.java:173 - Initializing Spring DispatcherServlet 'dispatcherServlet'
2024-09-22 22:14:44,563 [http-nio-9013-exec-1] INFO  [org.springframework.web.servlet.DispatcherServlet] FrameworkServlet.java:525 - Initializing Servlet 'dispatcherServlet'
2024-09-22 22:14:44,564 [http-nio-9013-exec-1] INFO  [org.springframework.web.servlet.DispatcherServlet] FrameworkServlet.java:547 - Completed initialization in 1 ms
2024-09-22 22:14:44,577 [http-nio-9013-exec-1] ERROR [o.example.config.exception.GlobalExceptionHandler] GlobalExceptionHandler.java:31 - 异常
org.springframework.web.bind.MissingRequestHeaderException: Required request header 'token' for method parameter type String is not present
	at org.springframework.web.method.annotation.RequestHeaderMethodArgumentResolver.handleMissingValue(RequestHeaderMethodArgumentResolver.java:87)
	at org.springframework.web.method.annotation.AbstractNamedValueMethodArgumentResolver.handleMissingValue(AbstractNamedValueMethodArgumentResolver.java:226)
	at org.springframework.web.method.annotation.AbstractNamedValueMethodArgumentResolver.resolveArgument(AbstractNamedValueMethodArgumentResolver.java:114)
	at org.springframework.web.method.support.HandlerMethodArgumentResolverComposite.resolveArgument(HandlerMethodArgumentResolverComposite.java:122)
	at org.springframework.web.method.support.InvocableHandlerMethod.getMethodArgumentValues(InvocableHandlerMethod.java:179)
	at org.springframework.web.method.support.InvocableHandlerMethod.invokeForRequest(InvocableHandlerMethod.java:146)
	at org.springframework.web.servlet.mvc.method.annotation.ServletInvocableHandlerMethod.invokeAndHandle(ServletInvocableHandlerMethod.java:117)
	at org.springframework.web.servlet.mvc.method.annotation.RequestMappingHandlerAdapter.invokeHandlerMethod(RequestMappingHandlerAdapter.java:895)
	at org.springframework.web.servlet.mvc.method.annotation.RequestMappingHandlerAdapter.handleInternal(RequestMappingHandlerAdapter.java:808)
	at org.springframework.web.servlet.mvc.method.AbstractHandlerMethodAdapter.handle(AbstractHandlerMethodAdapter.java:87)
	at org.springframework.web.servlet.DispatcherServlet.doDispatch(DispatcherServlet.java:1070)
	at org.springframework.web.servlet.DispatcherServlet.doService(DispatcherServlet.java:963)
	at org.springframework.web.servlet.FrameworkServlet.processRequest(FrameworkServlet.java:1006)
	at org.springframework.web.servlet.FrameworkServlet.doPost(FrameworkServlet.java:909)
	at javax.servlet.http.HttpServlet.service(HttpServlet.java:681)
	at org.springframework.web.servlet.FrameworkServlet.service(FrameworkServlet.java:883)
	at javax.servlet.http.HttpServlet.service(HttpServlet.java:764)
	at org.apache.catalina.core.ApplicationFilterChain.internalDoFilter(ApplicationFilterChain.java:227)
	at org.apache.catalina.core.ApplicationFilterChain.doFilter(ApplicationFilterChain.java:162)
	at org.apache.tomcat.websocket.server.WsFilter.doFilter(WsFilter.java:53)
	at org.apache.catalina.core.ApplicationFilterChain.internalDoFilter(ApplicationFilterChain.java:189)
	at org.apache.catalina.core.ApplicationFilterChain.doFilter(ApplicationFilterChain.java:162)
	at org.example.aop.filter.RequestFilter.doFilterInternal(RequestFilter.java:36)
	at org.springframework.web.filter.OncePerRequestFilter.doFilter(OncePerRequestFilter.java:117)
	at org.apache.catalina.core.ApplicationFilterChain.internalDoFilter(ApplicationFilterChain.java:189)
	at org.apache.catalina.core.ApplicationFilterChain.doFilter(ApplicationFilterChain.java:162)
	at org.springframework.web.filter.RequestContextFilter.doFilterInternal(RequestContextFilter.java:100)
	at org.springframework.web.filter.OncePerRequestFilter.doFilter(OncePerRequestFilter.java:117)
	at org.apache.catalina.core.ApplicationFilterChain.internalDoFilter(ApplicationFilterChain.java:189)
	at org.apache.catalina.core.ApplicationFilterChain.doFilter(ApplicationFilterChain.java:162)
	at org.springframework.web.filter.FormContentFilter.doFilterInternal(FormContentFilter.java:93)
	at org.springframework.web.filter.OncePerRequestFilter.doFilter(OncePerRequestFilter.java:117)
	at org.apache.catalina.core.ApplicationFilterChain.internalDoFilter(ApplicationFilterChain.java:189)
	at org.apache.catalina.core.ApplicationFilterChain.doFilter(ApplicationFilterChain.java:162)
	at org.springframework.web.filter.CharacterEncodingFilter.doFilterInternal(CharacterEncodingFilter.java:201)
	at org.springframework.web.filter.OncePerRequestFilter.doFilter(OncePerRequestFilter.java:117)
	at org.apache.catalina.core.ApplicationFilterChain.internalDoFilter(ApplicationFilterChain.java:189)
	at org.apache.catalina.core.ApplicationFilterChain.doFilter(ApplicationFilterChain.java:162)
	at org.apache.catalina.core.StandardWrapperValve.invoke(StandardWrapperValve.java:197)
	at org.apache.catalina.core.StandardContextValve.invoke(StandardContextValve.java:97)
	at org.apache.catalina.authenticator.AuthenticatorBase.invoke(AuthenticatorBase.java:541)
	at org.apache.catalina.core.StandardHostValve.invoke(StandardHostValve.java:135)
	at org.apache.catalina.valves.ErrorReportValve.invoke(ErrorReportValve.java:92)
	at org.apache.catalina.core.StandardEngineValve.invoke(StandardEngineValve.java:78)
	at org.apache.catalina.connector.CoyoteAdapter.service(CoyoteAdapter.java:360)
	at org.apache.coyote.http11.Http11Processor.service(Http11Processor.java:399)
	at org.apache.coyote.AbstractProcessorLight.process(AbstractProcessorLight.java:65)
	at org.apache.coyote.AbstractProtocol$ConnectionHandler.process(AbstractProtocol.java:890)
	at org.apache.tomcat.util.net.NioEndpoint$SocketProcessor.doRun(NioEndpoint.java:1789)
	at org.apache.tomcat.util.net.SocketProcessorBase.run(SocketProcessorBase.java:49)
	at org.apache.tomcat.util.threads.ThreadPoolExecutor.runWorker(ThreadPoolExecutor.java:1191)
	at org.apache.tomcat.util.threads.ThreadPoolExecutor$Worker.run(ThreadPoolExecutor.java:659)
	at org.apache.tomcat.util.threads.TaskThread$WrappingRunnable.run(TaskThread.java:61)
	at java.lang.Thread.run(Thread.java:750)
2024-09-22 22:15:01,922 [http-nio-9013-exec-3] ERROR [o.example.config.exception.GlobalExceptionHandler] GlobalExceptionHandler.java:31 - 异常
org.springframework.web.bind.MissingRequestHeaderException: Required request header 'token' for method parameter type String is not present
	at org.springframework.web.method.annotation.RequestHeaderMethodArgumentResolver.handleMissingValue(RequestHeaderMethodArgumentResolver.java:87)
	at org.springframework.web.method.annotation.AbstractNamedValueMethodArgumentResolver.handleMissingValue(AbstractNamedValueMethodArgumentResolver.java:226)
	at org.springframework.web.method.annotation.AbstractNamedValueMethodArgumentResolver.resolveArgument(AbstractNamedValueMethodArgumentResolver.java:114)
	at org.springframework.web.method.support.HandlerMethodArgumentResolverComposite.resolveArgument(HandlerMethodArgumentResolverComposite.java:122)
	at org.springframework.web.method.support.InvocableHandlerMethod.getMethodArgumentValues(InvocableHandlerMethod.java:179)
	at org.springframework.web.method.support.InvocableHandlerMethod.invokeForRequest(InvocableHandlerMethod.java:146)
	at org.springframework.web.servlet.mvc.method.annotation.ServletInvocableHandlerMethod.invokeAndHandle(ServletInvocableHandlerMethod.java:117)
	at org.springframework.web.servlet.mvc.method.annotation.RequestMappingHandlerAdapter.invokeHandlerMethod(RequestMappingHandlerAdapter.java:895)
	at org.springframework.web.servlet.mvc.method.annotation.RequestMappingHandlerAdapter.handleInternal(RequestMappingHandlerAdapter.java:808)
	at org.springframework.web.servlet.mvc.method.AbstractHandlerMethodAdapter.handle(AbstractHandlerMethodAdapter.java:87)
	at org.springframework.web.servlet.DispatcherServlet.doDispatch(DispatcherServlet.java:1070)
	at org.springframework.web.servlet.DispatcherServlet.doService(DispatcherServlet.java:963)
	at org.springframework.web.servlet.FrameworkServlet.processRequest(FrameworkServlet.java:1006)
	at org.springframework.web.servlet.FrameworkServlet.doPost(FrameworkServlet.java:909)
	at javax.servlet.http.HttpServlet.service(HttpServlet.java:681)
	at org.springframework.web.servlet.FrameworkServlet.service(FrameworkServlet.java:883)
	at javax.servlet.http.HttpServlet.service(HttpServlet.java:764)
	at org.apache.catalina.core.ApplicationFilterChain.internalDoFilter(ApplicationFilterChain.java:227)
	at org.apache.catalina.core.ApplicationFilterChain.doFilter(ApplicationFilterChain.java:162)
	at org.apache.tomcat.websocket.server.WsFilter.doFilter(WsFilter.java:53)
	at org.apache.catalina.core.ApplicationFilterChain.internalDoFilter(ApplicationFilterChain.java:189)
	at org.apache.catalina.core.ApplicationFilterChain.doFilter(ApplicationFilterChain.java:162)
	at org.example.aop.filter.RequestFilter.doFilterInternal(RequestFilter.java:36)
	at org.springframework.web.filter.OncePerRequestFilter.doFilter(OncePerRequestFilter.java:117)
	at org.apache.catalina.core.ApplicationFilterChain.internalDoFilter(ApplicationFilterChain.java:189)
	at org.apache.catalina.core.ApplicationFilterChain.doFilter(ApplicationFilterChain.java:162)
	at org.springframework.web.filter.RequestContextFilter.doFilterInternal(RequestContextFilter.java:100)
	at org.springframework.web.filter.OncePerRequestFilter.doFilter(OncePerRequestFilter.java:117)
	at org.apache.catalina.core.ApplicationFilterChain.internalDoFilter(ApplicationFilterChain.java:189)
	at org.apache.catalina.core.ApplicationFilterChain.doFilter(ApplicationFilterChain.java:162)
	at org.springframework.web.filter.FormContentFilter.doFilterInternal(FormContentFilter.java:93)
	at org.springframework.web.filter.OncePerRequestFilter.doFilter(OncePerRequestFilter.java:117)
	at org.apache.catalina.core.ApplicationFilterChain.internalDoFilter(ApplicationFilterChain.java:189)
	at org.apache.catalina.core.ApplicationFilterChain.doFilter(ApplicationFilterChain.java:162)
	at org.springframework.web.filter.CharacterEncodingFilter.doFilterInternal(CharacterEncodingFilter.java:201)
	at org.springframework.web.filter.OncePerRequestFilter.doFilter(OncePerRequestFilter.java:117)
	at org.apache.catalina.core.ApplicationFilterChain.internalDoFilter(ApplicationFilterChain.java:189)
	at org.apache.catalina.core.ApplicationFilterChain.doFilter(ApplicationFilterChain.java:162)
	at org.apache.catalina.core.StandardWrapperValve.invoke(StandardWrapperValve.java:197)
	at org.apache.catalina.core.StandardContextValve.invoke(StandardContextValve.java:97)
	at org.apache.catalina.authenticator.AuthenticatorBase.invoke(AuthenticatorBase.java:541)
	at org.apache.catalina.core.StandardHostValve.invoke(StandardHostValve.java:135)
	at org.apache.catalina.valves.ErrorReportValve.invoke(ErrorReportValve.java:92)
	at org.apache.catalina.core.StandardEngineValve.invoke(StandardEngineValve.java:78)
	at org.apache.catalina.connector.CoyoteAdapter.service(CoyoteAdapter.java:360)
	at org.apache.coyote.http11.Http11Processor.service(Http11Processor.java:399)
	at org.apache.coyote.AbstractProcessorLight.process(AbstractProcessorLight.java:65)
	at org.apache.coyote.AbstractProtocol$ConnectionHandler.process(AbstractProtocol.java:890)
	at org.apache.tomcat.util.net.NioEndpoint$SocketProcessor.doRun(NioEndpoint.java:1789)
	at org.apache.tomcat.util.net.SocketProcessorBase.run(SocketProcessorBase.java:49)
	at org.apache.tomcat.util.threads.ThreadPoolExecutor.runWorker(ThreadPoolExecutor.java:1191)
	at org.apache.tomcat.util.threads.ThreadPoolExecutor$Worker.run(ThreadPoolExecutor.java:659)
	at org.apache.tomcat.util.threads.TaskThread$WrappingRunnable.run(TaskThread.java:61)
	at java.lang.Thread.run(Thread.java:750)
2024-09-22 22:16:33,987 [main] INFO  [org.example.App] StartupInfoLogger.java:55 - Starting App using Java 1.8.0_411 on chenkedndiannao.lan with PID 15117 (/Users/chenkedi/Downloads/code/nbt_hongwaixian/target/classes started by chenkedi in /Users/chenkedi/Downloads/code/nbt_hongwaixian)
2024-09-22 22:16:33,987 [main] INFO  [org.example.App] SpringApplication.java:640 - The following 1 profile is active: "dev"
2024-09-22 22:16:34,203 [main] INFO  [o.s.d.r.config.RepositoryConfigurationDelegate] RepositoryConfigurationDelegate.java:262 - Multiple Spring Data modules found, entering strict repository configuration mode
2024-09-22 22:16:34,204 [main] INFO  [o.s.d.r.config.RepositoryConfigurationDelegate] RepositoryConfigurationDelegate.java:132 - Bootstrapping Spring Data Redis repositories in DEFAULT mode.
2024-09-22 22:16:34,212 [main] INFO  [o.s.d.r.config.RepositoryConfigurationDelegate] RepositoryConfigurationDelegate.java:201 - Finished Spring Data repository scanning in 3 ms. Found 0 Redis repository interfaces.
2024-09-22 22:16:34,450 [main] INFO  [o.s.boot.web.embedded.tomcat.TomcatWebServer] TomcatWebServer.java:108 - Tomcat initialized with port(s): 9013 (http)
2024-09-22 22:16:34,452 [main] INFO  [org.apache.coyote.http11.Http11NioProtocol] DirectJDKLog.java:173 - Initializing ProtocolHandler ["http-nio-9013"]
2024-09-22 22:16:34,453 [main] INFO  [org.apache.catalina.core.StandardService] DirectJDKLog.java:173 - Starting service [Tomcat]
2024-09-22 22:16:34,453 [main] INFO  [org.apache.catalina.core.StandardEngine] DirectJDKLog.java:173 - Starting Servlet engine: [Apache Tomcat/9.0.65]
2024-09-22 22:16:34,518 [main] INFO  [o.a.c.core.ContainerBase.[Tomcat].[localhost].[/]] DirectJDKLog.java:173 - Initializing Spring embedded WebApplicationContext
2024-09-22 22:16:34,519 [main] INFO  [o.s.b.w.s.c.ServletWebServerApplicationContext] ServletWebServerApplicationContext.java:292 - Root WebApplicationContext: initialization completed in 514 ms
2024-09-22 22:16:34,962 [main] INFO  [org.apache.coyote.http11.Http11NioProtocol] DirectJDKLog.java:173 - Starting ProtocolHandler ["http-nio-9013"]
2024-09-22 22:16:34,972 [main] INFO  [o.s.boot.web.embedded.tomcat.TomcatWebServer] TomcatWebServer.java:220 - Tomcat started on port(s): 9013 (http) with context path ''
2024-09-22 22:16:34,976 [main] INFO  [org.example.App] StartupInfoLogger.java:61 - Started App in 1.16 seconds (JVM running for 1.391)
2024-09-22 22:16:38,893 [http-nio-9013-exec-2] INFO  [o.a.c.core.ContainerBase.[Tomcat].[localhost].[/]] DirectJDKLog.java:173 - Initializing Spring DispatcherServlet 'dispatcherServlet'
2024-09-22 22:16:38,894 [http-nio-9013-exec-2] INFO  [org.springframework.web.servlet.DispatcherServlet] FrameworkServlet.java:525 - Initializing Servlet 'dispatcherServlet'
2024-09-22 22:16:38,895 [http-nio-9013-exec-2] INFO  [org.springframework.web.servlet.DispatcherServlet] FrameworkServlet.java:547 - Completed initialization in 1 ms
2024-09-22 22:16:39,025 [http-nio-9013-exec-2] INFO  [com.zaxxer.hikari.HikariDataSource] HikariDataSource.java:110 - HikariPool-1 - Starting...
2024-09-22 22:16:39,265 [http-nio-9013-exec-2] INFO  [com.zaxxer.hikari.HikariDataSource] HikariDataSource.java:123 - HikariPool-1 - Start completed.
2024-09-22 22:16:55,023 [http-nio-9013-exec-3] ERROR [o.example.config.exception.GlobalExceptionHandler] GlobalExceptionHandler.java:31 - 异常
org.springframework.http.converter.HttpMessageNotReadableException: JSON parse error: Cannot deserialize value of type `java.time.LocalDateTime` from String "2023-11-23T10:25:11": Failed to deserialize java.time.LocalDateTime: (java.time.format.DateTimeParseException) Text '2023-11-23T10:25:11' could not be parsed at index 10; nested exception is com.fasterxml.jackson.databind.exc.InvalidFormatException: Cannot deserialize value of type `java.time.LocalDateTime` from String "2023-11-23T10:25:11": Failed to deserialize java.time.LocalDateTime: (java.time.format.DateTimeParseException) Text '2023-11-23T10:25:11' could not be parsed at index 10
 at [Source: (org.springframework.util.StreamUtils$NonClosingInputStream); line: 3, column: 18] (through reference chain: org.example.dto.QuestionnaireDTO["startTime"])
	at org.springframework.http.converter.json.AbstractJackson2HttpMessageConverter.readJavaType(AbstractJackson2HttpMessageConverter.java:391)
	at org.springframework.http.converter.json.AbstractJackson2HttpMessageConverter.read(AbstractJackson2HttpMessageConverter.java:343)
	at org.springframework.web.servlet.mvc.method.annotation.AbstractMessageConverterMethodArgumentResolver.readWithMessageConverters(AbstractMessageConverterMethodArgumentResolver.java:185)
	at org.springframework.web.servlet.mvc.method.annotation.RequestResponseBodyMethodProcessor.readWithMessageConverters(RequestResponseBodyMethodProcessor.java:160)
	at org.springframework.web.servlet.mvc.method.annotation.RequestResponseBodyMethodProcessor.resolveArgument(RequestResponseBodyMethodProcessor.java:133)
	at org.springframework.web.method.support.HandlerMethodArgumentResolverComposite.resolveArgument(HandlerMethodArgumentResolverComposite.java:122)
	at org.springframework.web.method.support.InvocableHandlerMethod.getMethodArgumentValues(InvocableHandlerMethod.java:179)
	at org.springframework.web.method.support.InvocableHandlerMethod.invokeForRequest(InvocableHandlerMethod.java:146)
	at org.springframework.web.servlet.mvc.method.annotation.ServletInvocableHandlerMethod.invokeAndHandle(ServletInvocableHandlerMethod.java:117)
	at org.springframework.web.servlet.mvc.method.annotation.RequestMappingHandlerAdapter.invokeHandlerMethod(RequestMappingHandlerAdapter.java:895)
	at org.springframework.web.servlet.mvc.method.annotation.RequestMappingHandlerAdapter.handleInternal(RequestMappingHandlerAdapter.java:808)
	at org.springframework.web.servlet.mvc.method.AbstractHandlerMethodAdapter.handle(AbstractHandlerMethodAdapter.java:87)
	at org.springframework.web.servlet.DispatcherServlet.doDispatch(DispatcherServlet.java:1070)
	at org.springframework.web.servlet.DispatcherServlet.doService(DispatcherServlet.java:963)
	at org.springframework.web.servlet.FrameworkServlet.processRequest(FrameworkServlet.java:1006)
	at org.springframework.web.servlet.FrameworkServlet.doPost(FrameworkServlet.java:909)
	at javax.servlet.http.HttpServlet.service(HttpServlet.java:681)
	at org.springframework.web.servlet.FrameworkServlet.service(FrameworkServlet.java:883)
	at javax.servlet.http.HttpServlet.service(HttpServlet.java:764)
	at org.apache.catalina.core.ApplicationFilterChain.internalDoFilter(ApplicationFilterChain.java:227)
	at org.apache.catalina.core.ApplicationFilterChain.doFilter(ApplicationFilterChain.java:162)
	at org.apache.tomcat.websocket.server.WsFilter.doFilter(WsFilter.java:53)
	at org.apache.catalina.core.ApplicationFilterChain.internalDoFilter(ApplicationFilterChain.java:189)
	at org.apache.catalina.core.ApplicationFilterChain.doFilter(ApplicationFilterChain.java:162)
	at org.example.aop.filter.RequestFilter.doFilterInternal(RequestFilter.java:36)
	at org.springframework.web.filter.OncePerRequestFilter.doFilter(OncePerRequestFilter.java:117)
	at org.apache.catalina.core.ApplicationFilterChain.internalDoFilter(ApplicationFilterChain.java:189)
	at org.apache.catalina.core.ApplicationFilterChain.doFilter(ApplicationFilterChain.java:162)
	at org.springframework.web.filter.RequestContextFilter.doFilterInternal(RequestContextFilter.java:100)
	at org.springframework.web.filter.OncePerRequestFilter.doFilter(OncePerRequestFilter.java:117)
	at org.apache.catalina.core.ApplicationFilterChain.internalDoFilter(ApplicationFilterChain.java:189)
	at org.apache.catalina.core.ApplicationFilterChain.doFilter(ApplicationFilterChain.java:162)
	at org.springframework.web.filter.FormContentFilter.doFilterInternal(FormContentFilter.java:93)
	at org.springframework.web.filter.OncePerRequestFilter.doFilter(OncePerRequestFilter.java:117)
	at org.apache.catalina.core.ApplicationFilterChain.internalDoFilter(ApplicationFilterChain.java:189)
	at org.apache.catalina.core.ApplicationFilterChain.doFilter(ApplicationFilterChain.java:162)
	at org.springframework.web.filter.CharacterEncodingFilter.doFilterInternal(CharacterEncodingFilter.java:201)
	at org.springframework.web.filter.OncePerRequestFilter.doFilter(OncePerRequestFilter.java:117)
	at org.apache.catalina.core.ApplicationFilterChain.internalDoFilter(ApplicationFilterChain.java:189)
	at org.apache.catalina.core.ApplicationFilterChain.doFilter(ApplicationFilterChain.java:162)
	at org.apache.catalina.core.StandardWrapperValve.invoke(StandardWrapperValve.java:197)
	at org.apache.catalina.core.StandardContextValve.invoke(StandardContextValve.java:97)
	at org.apache.catalina.authenticator.AuthenticatorBase.invoke(AuthenticatorBase.java:541)
	at org.apache.catalina.core.StandardHostValve.invoke(StandardHostValve.java:135)
	at org.apache.catalina.valves.ErrorReportValve.invoke(ErrorReportValve.java:92)
	at org.apache.catalina.core.StandardEngineValve.invoke(StandardEngineValve.java:78)
	at org.apache.catalina.connector.CoyoteAdapter.service(CoyoteAdapter.java:360)
	at org.apache.coyote.http11.Http11Processor.service(Http11Processor.java:399)
	at org.apache.coyote.AbstractProcessorLight.process(AbstractProcessorLight.java:65)
	at org.apache.coyote.AbstractProtocol$ConnectionHandler.process(AbstractProtocol.java:890)
	at org.apache.tomcat.util.net.NioEndpoint$SocketProcessor.doRun(NioEndpoint.java:1789)
	at org.apache.tomcat.util.net.SocketProcessorBase.run(SocketProcessorBase.java:49)
	at org.apache.tomcat.util.threads.ThreadPoolExecutor.runWorker(ThreadPoolExecutor.java:1191)
	at org.apache.tomcat.util.threads.ThreadPoolExecutor$Worker.run(ThreadPoolExecutor.java:659)
	at org.apache.tomcat.util.threads.TaskThread$WrappingRunnable.run(TaskThread.java:61)
	at java.lang.Thread.run(Thread.java:750)
Caused by: com.fasterxml.jackson.databind.exc.InvalidFormatException: Cannot deserialize value of type `java.time.LocalDateTime` from String "2023-11-23T10:25:11": Failed to deserialize java.time.LocalDateTime: (java.time.format.DateTimeParseException) Text '2023-11-23T10:25:11' could not be parsed at index 10
 at [Source: (org.springframework.util.StreamUtils$NonClosingInputStream); line: 3, column: 18] (through reference chain: org.example.dto.QuestionnaireDTO["startTime"])
	at com.fasterxml.jackson.databind.exc.InvalidFormatException.from(InvalidFormatException.java:67)
	at com.fasterxml.jackson.databind.DeserializationContext.weirdStringException(DeserializationContext.java:1991)
	at com.fasterxml.jackson.databind.DeserializationContext.handleWeirdStringValue(DeserializationContext.java:1219)
	at com.fasterxml.jackson.datatype.jsr310.deser.JSR310DeserializerBase._handleDateTimeException(JSR310DeserializerBase.java:176)
	at com.fasterxml.jackson.datatype.jsr310.deser.LocalDateTimeDeserializer._fromString(LocalDateTimeDeserializer.java:179)
	at com.fasterxml.jackson.datatype.jsr310.deser.LocalDateTimeDeserializer.deserialize(LocalDateTimeDeserializer.java:81)
	at com.fasterxml.jackson.datatype.jsr310.deser.LocalDateTimeDeserializer.deserialize(LocalDateTimeDeserializer.java:40)
	at com.fasterxml.jackson.databind.deser.impl.MethodProperty.deserializeAndSet(MethodProperty.java:129)
	at com.fasterxml.jackson.databind.deser.BeanDeserializer.deserializeFromObject(BeanDeserializer.java:391)
	at com.fasterxml.jackson.databind.deser.BeanDeserializer.deserialize(BeanDeserializer.java:184)
	at com.fasterxml.jackson.databind.deser.DefaultDeserializationContext.readRootValue(DefaultDeserializationContext.java:323)
	at com.fasterxml.jackson.databind.ObjectMapper._readMapAndClose(ObjectMapper.java:4674)
	at com.fasterxml.jackson.databind.ObjectMapper.readValue(ObjectMapper.java:3682)
	at org.springframework.http.converter.json.AbstractJackson2HttpMessageConverter.readJavaType(AbstractJackson2HttpMessageConverter.java:380)
	... 55 common frames omitted
Caused by: java.time.format.DateTimeParseException: Text '2023-11-23T10:25:11' could not be parsed at index 10
	at java.time.format.DateTimeFormatter.parseResolved0(DateTimeFormatter.java:1949)
	at java.time.format.DateTimeFormatter.parse(DateTimeFormatter.java:1851)
	at java.time.LocalDateTime.parse(LocalDateTime.java:492)
	at com.fasterxml.jackson.datatype.jsr310.deser.LocalDateTimeDeserializer._fromString(LocalDateTimeDeserializer.java:177)
	... 64 common frames omitted
2024-09-22 22:17:13,679 [http-nio-9013-exec-4] ERROR [o.example.config.exception.GlobalExceptionHandler] GlobalExceptionHandler.java:31 - 异常
org.springframework.http.converter.HttpMessageNotReadableException: JSON parse error: Cannot deserialize value of type `java.time.LocalDateTime` from String "2023-11-23T10:25:11": Failed to deserialize java.time.LocalDateTime: (java.time.format.DateTimeParseException) Text '2023-11-23T10:25:11' could not be parsed at index 10; nested exception is com.fasterxml.jackson.databind.exc.InvalidFormatException: Cannot deserialize value of type `java.time.LocalDateTime` from String "2023-11-23T10:25:11": Failed to deserialize java.time.LocalDateTime: (java.time.format.DateTimeParseException) Text '2023-11-23T10:25:11' could not be parsed at index 10
 at [Source: (org.springframework.util.StreamUtils$NonClosingInputStream); line: 3, column: 18] (through reference chain: org.example.dto.QuestionnaireDTO["startTime"])
	at org.springframework.http.converter.json.AbstractJackson2HttpMessageConverter.readJavaType(AbstractJackson2HttpMessageConverter.java:391)
	at org.springframework.http.converter.json.AbstractJackson2HttpMessageConverter.read(AbstractJackson2HttpMessageConverter.java:343)
	at org.springframework.web.servlet.mvc.method.annotation.AbstractMessageConverterMethodArgumentResolver.readWithMessageConverters(AbstractMessageConverterMethodArgumentResolver.java:185)
	at org.springframework.web.servlet.mvc.method.annotation.RequestResponseBodyMethodProcessor.readWithMessageConverters(RequestResponseBodyMethodProcessor.java:160)
	at org.springframework.web.servlet.mvc.method.annotation.RequestResponseBodyMethodProcessor.resolveArgument(RequestResponseBodyMethodProcessor.java:133)
	at org.springframework.web.method.support.HandlerMethodArgumentResolverComposite.resolveArgument(HandlerMethodArgumentResolverComposite.java:122)
	at org.springframework.web.method.support.InvocableHandlerMethod.getMethodArgumentValues(InvocableHandlerMethod.java:179)
	at org.springframework.web.method.support.InvocableHandlerMethod.invokeForRequest(InvocableHandlerMethod.java:146)
	at org.springframework.web.servlet.mvc.method.annotation.ServletInvocableHandlerMethod.invokeAndHandle(ServletInvocableHandlerMethod.java:117)
	at org.springframework.web.servlet.mvc.method.annotation.RequestMappingHandlerAdapter.invokeHandlerMethod(RequestMappingHandlerAdapter.java:895)
	at org.springframework.web.servlet.mvc.method.annotation.RequestMappingHandlerAdapter.handleInternal(RequestMappingHandlerAdapter.java:808)
	at org.springframework.web.servlet.mvc.method.AbstractHandlerMethodAdapter.handle(AbstractHandlerMethodAdapter.java:87)
	at org.springframework.web.servlet.DispatcherServlet.doDispatch(DispatcherServlet.java:1070)
	at org.springframework.web.servlet.DispatcherServlet.doService(DispatcherServlet.java:963)
	at org.springframework.web.servlet.FrameworkServlet.processRequest(FrameworkServlet.java:1006)
	at org.springframework.web.servlet.FrameworkServlet.doPost(FrameworkServlet.java:909)
	at javax.servlet.http.HttpServlet.service(HttpServlet.java:681)
	at org.springframework.web.servlet.FrameworkServlet.service(FrameworkServlet.java:883)
	at javax.servlet.http.HttpServlet.service(HttpServlet.java:764)
	at org.apache.catalina.core.ApplicationFilterChain.internalDoFilter(ApplicationFilterChain.java:227)
	at org.apache.catalina.core.ApplicationFilterChain.doFilter(ApplicationFilterChain.java:162)
	at org.apache.tomcat.websocket.server.WsFilter.doFilter(WsFilter.java:53)
	at org.apache.catalina.core.ApplicationFilterChain.internalDoFilter(ApplicationFilterChain.java:189)
	at org.apache.catalina.core.ApplicationFilterChain.doFilter(ApplicationFilterChain.java:162)
	at org.example.aop.filter.RequestFilter.doFilterInternal(RequestFilter.java:36)
	at org.springframework.web.filter.OncePerRequestFilter.doFilter(OncePerRequestFilter.java:117)
	at org.apache.catalina.core.ApplicationFilterChain.internalDoFilter(ApplicationFilterChain.java:189)
	at org.apache.catalina.core.ApplicationFilterChain.doFilter(ApplicationFilterChain.java:162)
	at org.springframework.web.filter.RequestContextFilter.doFilterInternal(RequestContextFilter.java:100)
	at org.springframework.web.filter.OncePerRequestFilter.doFilter(OncePerRequestFilter.java:117)
	at org.apache.catalina.core.ApplicationFilterChain.internalDoFilter(ApplicationFilterChain.java:189)
	at org.apache.catalina.core.ApplicationFilterChain.doFilter(ApplicationFilterChain.java:162)
	at org.springframework.web.filter.FormContentFilter.doFilterInternal(FormContentFilter.java:93)
	at org.springframework.web.filter.OncePerRequestFilter.doFilter(OncePerRequestFilter.java:117)
	at org.apache.catalina.core.ApplicationFilterChain.internalDoFilter(ApplicationFilterChain.java:189)
	at org.apache.catalina.core.ApplicationFilterChain.doFilter(ApplicationFilterChain.java:162)
	at org.springframework.web.filter.CharacterEncodingFilter.doFilterInternal(CharacterEncodingFilter.java:201)
	at org.springframework.web.filter.OncePerRequestFilter.doFilter(OncePerRequestFilter.java:117)
	at org.apache.catalina.core.ApplicationFilterChain.internalDoFilter(ApplicationFilterChain.java:189)
	at org.apache.catalina.core.ApplicationFilterChain.doFilter(ApplicationFilterChain.java:162)
	at org.apache.catalina.core.StandardWrapperValve.invoke(StandardWrapperValve.java:197)
	at org.apache.catalina.core.StandardContextValve.invoke(StandardContextValve.java:97)
	at org.apache.catalina.authenticator.AuthenticatorBase.invoke(AuthenticatorBase.java:541)
	at org.apache.catalina.core.StandardHostValve.invoke(StandardHostValve.java:135)
	at org.apache.catalina.valves.ErrorReportValve.invoke(ErrorReportValve.java:92)
	at org.apache.catalina.core.StandardEngineValve.invoke(StandardEngineValve.java:78)
	at org.apache.catalina.connector.CoyoteAdapter.service(CoyoteAdapter.java:360)
	at org.apache.coyote.http11.Http11Processor.service(Http11Processor.java:399)
	at org.apache.coyote.AbstractProcessorLight.process(AbstractProcessorLight.java:65)
	at org.apache.coyote.AbstractProtocol$ConnectionHandler.process(AbstractProtocol.java:890)
	at org.apache.tomcat.util.net.NioEndpoint$SocketProcessor.doRun(NioEndpoint.java:1789)
	at org.apache.tomcat.util.net.SocketProcessorBase.run(SocketProcessorBase.java:49)
	at org.apache.tomcat.util.threads.ThreadPoolExecutor.runWorker(ThreadPoolExecutor.java:1191)
	at org.apache.tomcat.util.threads.ThreadPoolExecutor$Worker.run(ThreadPoolExecutor.java:659)
	at org.apache.tomcat.util.threads.TaskThread$WrappingRunnable.run(TaskThread.java:61)
	at java.lang.Thread.run(Thread.java:750)
Caused by: com.fasterxml.jackson.databind.exc.InvalidFormatException: Cannot deserialize value of type `java.time.LocalDateTime` from String "2023-11-23T10:25:11": Failed to deserialize java.time.LocalDateTime: (java.time.format.DateTimeParseException) Text '2023-11-23T10:25:11' could not be parsed at index 10
 at [Source: (org.springframework.util.StreamUtils$NonClosingInputStream); line: 3, column: 18] (through reference chain: org.example.dto.QuestionnaireDTO["startTime"])
	at com.fasterxml.jackson.databind.exc.InvalidFormatException.from(InvalidFormatException.java:67)
	at com.fasterxml.jackson.databind.DeserializationContext.weirdStringException(DeserializationContext.java:1991)
	at com.fasterxml.jackson.databind.DeserializationContext.handleWeirdStringValue(DeserializationContext.java:1219)
	at com.fasterxml.jackson.datatype.jsr310.deser.JSR310DeserializerBase._handleDateTimeException(JSR310DeserializerBase.java:176)
	at com.fasterxml.jackson.datatype.jsr310.deser.LocalDateTimeDeserializer._fromString(LocalDateTimeDeserializer.java:179)
	at com.fasterxml.jackson.datatype.jsr310.deser.LocalDateTimeDeserializer.deserialize(LocalDateTimeDeserializer.java:81)
	at com.fasterxml.jackson.datatype.jsr310.deser.LocalDateTimeDeserializer.deserialize(LocalDateTimeDeserializer.java:40)
	at com.fasterxml.jackson.databind.deser.impl.MethodProperty.deserializeAndSet(MethodProperty.java:129)
	at com.fasterxml.jackson.databind.deser.BeanDeserializer.deserializeFromObject(BeanDeserializer.java:391)
	at com.fasterxml.jackson.databind.deser.BeanDeserializer.deserialize(BeanDeserializer.java:184)
	at com.fasterxml.jackson.databind.deser.DefaultDeserializationContext.readRootValue(DefaultDeserializationContext.java:323)
	at com.fasterxml.jackson.databind.ObjectMapper._readMapAndClose(ObjectMapper.java:4674)
	at com.fasterxml.jackson.databind.ObjectMapper.readValue(ObjectMapper.java:3682)
	at org.springframework.http.converter.json.AbstractJackson2HttpMessageConverter.readJavaType(AbstractJackson2HttpMessageConverter.java:380)
	... 55 common frames omitted
Caused by: java.time.format.DateTimeParseException: Text '2023-11-23T10:25:11' could not be parsed at index 10
	at java.time.format.DateTimeFormatter.parseResolved0(DateTimeFormatter.java:1949)
	at java.time.format.DateTimeFormatter.parse(DateTimeFormatter.java:1851)
	at java.time.LocalDateTime.parse(LocalDateTime.java:492)
	at com.fasterxml.jackson.datatype.jsr310.deser.LocalDateTimeDeserializer._fromString(LocalDateTimeDeserializer.java:177)
	... 64 common frames omitted
2024-09-22 22:17:19,978 [http-nio-9013-exec-5] ERROR [o.example.config.exception.GlobalExceptionHandler] GlobalExceptionHandler.java:31 - 异常
org.springframework.http.converter.HttpMessageNotReadableException: JSON parse error: Cannot deserialize value of type `java.time.LocalDateTime` from String "2023-11-23T10:25:11": Failed to deserialize java.time.LocalDateTime: (java.time.format.DateTimeParseException) Text '2023-11-23T10:25:11' could not be parsed at index 10; nested exception is com.fasterxml.jackson.databind.exc.InvalidFormatException: Cannot deserialize value of type `java.time.LocalDateTime` from String "2023-11-23T10:25:11": Failed to deserialize java.time.LocalDateTime: (java.time.format.DateTimeParseException) Text '2023-11-23T10:25:11' could not be parsed at index 10
 at [Source: (org.springframework.util.StreamUtils$NonClosingInputStream); line: 3, column: 18] (through reference chain: org.example.dto.QuestionnaireDTO["startTime"])
	at org.springframework.http.converter.json.AbstractJackson2HttpMessageConverter.readJavaType(AbstractJackson2HttpMessageConverter.java:391)
	at org.springframework.http.converter.json.AbstractJackson2HttpMessageConverter.read(AbstractJackson2HttpMessageConverter.java:343)
	at org.springframework.web.servlet.mvc.method.annotation.AbstractMessageConverterMethodArgumentResolver.readWithMessageConverters(AbstractMessageConverterMethodArgumentResolver.java:185)
	at org.springframework.web.servlet.mvc.method.annotation.RequestResponseBodyMethodProcessor.readWithMessageConverters(RequestResponseBodyMethodProcessor.java:160)
	at org.springframework.web.servlet.mvc.method.annotation.RequestResponseBodyMethodProcessor.resolveArgument(RequestResponseBodyMethodProcessor.java:133)
	at org.springframework.web.method.support.HandlerMethodArgumentResolverComposite.resolveArgument(HandlerMethodArgumentResolverComposite.java:122)
	at org.springframework.web.method.support.InvocableHandlerMethod.getMethodArgumentValues(InvocableHandlerMethod.java:179)
	at org.springframework.web.method.support.InvocableHandlerMethod.invokeForRequest(InvocableHandlerMethod.java:146)
	at org.springframework.web.servlet.mvc.method.annotation.ServletInvocableHandlerMethod.invokeAndHandle(ServletInvocableHandlerMethod.java:117)
	at org.springframework.web.servlet.mvc.method.annotation.RequestMappingHandlerAdapter.invokeHandlerMethod(RequestMappingHandlerAdapter.java:895)
	at org.springframework.web.servlet.mvc.method.annotation.RequestMappingHandlerAdapter.handleInternal(RequestMappingHandlerAdapter.java:808)
	at org.springframework.web.servlet.mvc.method.AbstractHandlerMethodAdapter.handle(AbstractHandlerMethodAdapter.java:87)
	at org.springframework.web.servlet.DispatcherServlet.doDispatch(DispatcherServlet.java:1070)
	at org.springframework.web.servlet.DispatcherServlet.doService(DispatcherServlet.java:963)
	at org.springframework.web.servlet.FrameworkServlet.processRequest(FrameworkServlet.java:1006)
	at org.springframework.web.servlet.FrameworkServlet.doPost(FrameworkServlet.java:909)
	at javax.servlet.http.HttpServlet.service(HttpServlet.java:681)
	at org.springframework.web.servlet.FrameworkServlet.service(FrameworkServlet.java:883)
	at javax.servlet.http.HttpServlet.service(HttpServlet.java:764)
	at org.apache.catalina.core.ApplicationFilterChain.internalDoFilter(ApplicationFilterChain.java:227)
	at org.apache.catalina.core.ApplicationFilterChain.doFilter(ApplicationFilterChain.java:162)
	at org.apache.tomcat.websocket.server.WsFilter.doFilter(WsFilter.java:53)
	at org.apache.catalina.core.ApplicationFilterChain.internalDoFilter(ApplicationFilterChain.java:189)
	at org.apache.catalina.core.ApplicationFilterChain.doFilter(ApplicationFilterChain.java:162)
	at org.example.aop.filter.RequestFilter.doFilterInternal(RequestFilter.java:36)
	at org.springframework.web.filter.OncePerRequestFilter.doFilter(OncePerRequestFilter.java:117)
	at org.apache.catalina.core.ApplicationFilterChain.internalDoFilter(ApplicationFilterChain.java:189)
	at org.apache.catalina.core.ApplicationFilterChain.doFilter(ApplicationFilterChain.java:162)
	at org.springframework.web.filter.RequestContextFilter.doFilterInternal(RequestContextFilter.java:100)
	at org.springframework.web.filter.OncePerRequestFilter.doFilter(OncePerRequestFilter.java:117)
	at org.apache.catalina.core.ApplicationFilterChain.internalDoFilter(ApplicationFilterChain.java:189)
	at org.apache.catalina.core.ApplicationFilterChain.doFilter(ApplicationFilterChain.java:162)
	at org.springframework.web.filter.FormContentFilter.doFilterInternal(FormContentFilter.java:93)
	at org.springframework.web.filter.OncePerRequestFilter.doFilter(OncePerRequestFilter.java:117)
	at org.apache.catalina.core.ApplicationFilterChain.internalDoFilter(ApplicationFilterChain.java:189)
	at org.apache.catalina.core.ApplicationFilterChain.doFilter(ApplicationFilterChain.java:162)
	at org.springframework.web.filter.CharacterEncodingFilter.doFilterInternal(CharacterEncodingFilter.java:201)
	at org.springframework.web.filter.OncePerRequestFilter.doFilter(OncePerRequestFilter.java:117)
	at org.apache.catalina.core.ApplicationFilterChain.internalDoFilter(ApplicationFilterChain.java:189)
	at org.apache.catalina.core.ApplicationFilterChain.doFilter(ApplicationFilterChain.java:162)
	at org.apache.catalina.core.StandardWrapperValve.invoke(StandardWrapperValve.java:197)
	at org.apache.catalina.core.StandardContextValve.invoke(StandardContextValve.java:97)
	at org.apache.catalina.authenticator.AuthenticatorBase.invoke(AuthenticatorBase.java:541)
	at org.apache.catalina.core.StandardHostValve.invoke(StandardHostValve.java:135)
	at org.apache.catalina.valves.ErrorReportValve.invoke(ErrorReportValve.java:92)
	at org.apache.catalina.core.StandardEngineValve.invoke(StandardEngineValve.java:78)
	at org.apache.catalina.connector.CoyoteAdapter.service(CoyoteAdapter.java:360)
	at org.apache.coyote.http11.Http11Processor.service(Http11Processor.java:399)
	at org.apache.coyote.AbstractProcessorLight.process(AbstractProcessorLight.java:65)
	at org.apache.coyote.AbstractProtocol$ConnectionHandler.process(AbstractProtocol.java:890)
	at org.apache.tomcat.util.net.NioEndpoint$SocketProcessor.doRun(NioEndpoint.java:1789)
	at org.apache.tomcat.util.net.SocketProcessorBase.run(SocketProcessorBase.java:49)
	at org.apache.tomcat.util.threads.ThreadPoolExecutor.runWorker(ThreadPoolExecutor.java:1191)
	at org.apache.tomcat.util.threads.ThreadPoolExecutor$Worker.run(ThreadPoolExecutor.java:659)
	at org.apache.tomcat.util.threads.TaskThread$WrappingRunnable.run(TaskThread.java:61)
	at java.lang.Thread.run(Thread.java:750)
Caused by: com.fasterxml.jackson.databind.exc.InvalidFormatException: Cannot deserialize value of type `java.time.LocalDateTime` from String "2023-11-23T10:25:11": Failed to deserialize java.time.LocalDateTime: (java.time.format.DateTimeParseException) Text '2023-11-23T10:25:11' could not be parsed at index 10
 at [Source: (org.springframework.util.StreamUtils$NonClosingInputStream); line: 3, column: 18] (through reference chain: org.example.dto.QuestionnaireDTO["startTime"])
	at com.fasterxml.jackson.databind.exc.InvalidFormatException.from(InvalidFormatException.java:67)
	at com.fasterxml.jackson.databind.DeserializationContext.weirdStringException(DeserializationContext.java:1991)
	at com.fasterxml.jackson.databind.DeserializationContext.handleWeirdStringValue(DeserializationContext.java:1219)
	at com.fasterxml.jackson.datatype.jsr310.deser.JSR310DeserializerBase._handleDateTimeException(JSR310DeserializerBase.java:176)
	at com.fasterxml.jackson.datatype.jsr310.deser.LocalDateTimeDeserializer._fromString(LocalDateTimeDeserializer.java:179)
	at com.fasterxml.jackson.datatype.jsr310.deser.LocalDateTimeDeserializer.deserialize(LocalDateTimeDeserializer.java:81)
	at com.fasterxml.jackson.datatype.jsr310.deser.LocalDateTimeDeserializer.deserialize(LocalDateTimeDeserializer.java:40)
	at com.fasterxml.jackson.databind.deser.impl.MethodProperty.deserializeAndSet(MethodProperty.java:129)
	at com.fasterxml.jackson.databind.deser.BeanDeserializer.deserializeFromObject(BeanDeserializer.java:391)
	at com.fasterxml.jackson.databind.deser.BeanDeserializer.deserialize(BeanDeserializer.java:184)
	at com.fasterxml.jackson.databind.deser.DefaultDeserializationContext.readRootValue(DefaultDeserializationContext.java:323)
	at com.fasterxml.jackson.databind.ObjectMapper._readMapAndClose(ObjectMapper.java:4674)
	at com.fasterxml.jackson.databind.ObjectMapper.readValue(ObjectMapper.java:3682)
	at org.springframework.http.converter.json.AbstractJackson2HttpMessageConverter.readJavaType(AbstractJackson2HttpMessageConverter.java:380)
	... 55 common frames omitted
Caused by: java.time.format.DateTimeParseException: Text '2023-11-23T10:25:11' could not be parsed at index 10
	at java.time.format.DateTimeFormatter.parseResolved0(DateTimeFormatter.java:1949)
	at java.time.format.DateTimeFormatter.parse(DateTimeFormatter.java:1851)
	at java.time.LocalDateTime.parse(LocalDateTime.java:492)
	at com.fasterxml.jackson.datatype.jsr310.deser.LocalDateTimeDeserializer._fromString(LocalDateTimeDeserializer.java:177)
	... 64 common frames omitted
2024-09-22 22:17:55,126 [http-nio-9013-exec-6] ERROR [o.example.config.exception.GlobalExceptionHandler] GlobalExceptionHandler.java:31 - 异常
org.springframework.http.converter.HttpMessageNotReadableException: JSON parse error: Cannot deserialize value of type `java.time.LocalDateTime` from String "2023-11-24T 0:25:13": Failed to deserialize java.time.LocalDateTime: (java.time.format.DateTimeParseException) Text '2023-11-24T 0:25:13' could not be parsed at index 10; nested exception is com.fasterxml.jackson.databind.exc.InvalidFormatException: Cannot deserialize value of type `java.time.LocalDateTime` from String "2023-11-24T 0:25:13": Failed to deserialize java.time.LocalDateTime: (java.time.format.DateTimeParseException) Text '2023-11-24T 0:25:13' could not be parsed at index 10
 at [Source: (org.springframework.util.StreamUtils$NonClosingInputStream); line: 4, column: 16] (through reference chain: org.example.dto.QuestionnaireDTO["endTime"])
	at org.springframework.http.converter.json.AbstractJackson2HttpMessageConverter.readJavaType(AbstractJackson2HttpMessageConverter.java:391)
	at org.springframework.http.converter.json.AbstractJackson2HttpMessageConverter.read(AbstractJackson2HttpMessageConverter.java:343)
	at org.springframework.web.servlet.mvc.method.annotation.AbstractMessageConverterMethodArgumentResolver.readWithMessageConverters(AbstractMessageConverterMethodArgumentResolver.java:185)
	at org.springframework.web.servlet.mvc.method.annotation.RequestResponseBodyMethodProcessor.readWithMessageConverters(RequestResponseBodyMethodProcessor.java:160)
	at org.springframework.web.servlet.mvc.method.annotation.RequestResponseBodyMethodProcessor.resolveArgument(RequestResponseBodyMethodProcessor.java:133)
	at org.springframework.web.method.support.HandlerMethodArgumentResolverComposite.resolveArgument(HandlerMethodArgumentResolverComposite.java:122)
	at org.springframework.web.method.support.InvocableHandlerMethod.getMethodArgumentValues(InvocableHandlerMethod.java:179)
	at org.springframework.web.method.support.InvocableHandlerMethod.invokeForRequest(InvocableHandlerMethod.java:146)
	at org.springframework.web.servlet.mvc.method.annotation.ServletInvocableHandlerMethod.invokeAndHandle(ServletInvocableHandlerMethod.java:117)
	at org.springframework.web.servlet.mvc.method.annotation.RequestMappingHandlerAdapter.invokeHandlerMethod(RequestMappingHandlerAdapter.java:895)
	at org.springframework.web.servlet.mvc.method.annotation.RequestMappingHandlerAdapter.handleInternal(RequestMappingHandlerAdapter.java:808)
	at org.springframework.web.servlet.mvc.method.AbstractHandlerMethodAdapter.handle(AbstractHandlerMethodAdapter.java:87)
	at org.springframework.web.servlet.DispatcherServlet.doDispatch(DispatcherServlet.java:1070)
	at org.springframework.web.servlet.DispatcherServlet.doService(DispatcherServlet.java:963)
	at org.springframework.web.servlet.FrameworkServlet.processRequest(FrameworkServlet.java:1006)
	at org.springframework.web.servlet.FrameworkServlet.doPost(FrameworkServlet.java:909)
	at javax.servlet.http.HttpServlet.service(HttpServlet.java:681)
	at org.springframework.web.servlet.FrameworkServlet.service(FrameworkServlet.java:883)
	at javax.servlet.http.HttpServlet.service(HttpServlet.java:764)
	at org.apache.catalina.core.ApplicationFilterChain.internalDoFilter(ApplicationFilterChain.java:227)
	at org.apache.catalina.core.ApplicationFilterChain.doFilter(ApplicationFilterChain.java:162)
	at org.apache.tomcat.websocket.server.WsFilter.doFilter(WsFilter.java:53)
	at org.apache.catalina.core.ApplicationFilterChain.internalDoFilter(ApplicationFilterChain.java:189)
	at org.apache.catalina.core.ApplicationFilterChain.doFilter(ApplicationFilterChain.java:162)
	at org.example.aop.filter.RequestFilter.doFilterInternal(RequestFilter.java:36)
	at org.springframework.web.filter.OncePerRequestFilter.doFilter(OncePerRequestFilter.java:117)
	at org.apache.catalina.core.ApplicationFilterChain.internalDoFilter(ApplicationFilterChain.java:189)
	at org.apache.catalina.core.ApplicationFilterChain.doFilter(ApplicationFilterChain.java:162)
	at org.springframework.web.filter.RequestContextFilter.doFilterInternal(RequestContextFilter.java:100)
	at org.springframework.web.filter.OncePerRequestFilter.doFilter(OncePerRequestFilter.java:117)
	at org.apache.catalina.core.ApplicationFilterChain.internalDoFilter(ApplicationFilterChain.java:189)
	at org.apache.catalina.core.ApplicationFilterChain.doFilter(ApplicationFilterChain.java:162)
	at org.springframework.web.filter.FormContentFilter.doFilterInternal(FormContentFilter.java:93)
	at org.springframework.web.filter.OncePerRequestFilter.doFilter(OncePerRequestFilter.java:117)
	at org.apache.catalina.core.ApplicationFilterChain.internalDoFilter(ApplicationFilterChain.java:189)
	at org.apache.catalina.core.ApplicationFilterChain.doFilter(ApplicationFilterChain.java:162)
	at org.springframework.web.filter.CharacterEncodingFilter.doFilterInternal(CharacterEncodingFilter.java:201)
	at org.springframework.web.filter.OncePerRequestFilter.doFilter(OncePerRequestFilter.java:117)
	at org.apache.catalina.core.ApplicationFilterChain.internalDoFilter(ApplicationFilterChain.java:189)
	at org.apache.catalina.core.ApplicationFilterChain.doFilter(ApplicationFilterChain.java:162)
	at org.apache.catalina.core.StandardWrapperValve.invoke(StandardWrapperValve.java:197)
	at org.apache.catalina.core.StandardContextValve.invoke(StandardContextValve.java:97)
	at org.apache.catalina.authenticator.AuthenticatorBase.invoke(AuthenticatorBase.java:541)
	at org.apache.catalina.core.StandardHostValve.invoke(StandardHostValve.java:135)
	at org.apache.catalina.valves.ErrorReportValve.invoke(ErrorReportValve.java:92)
	at org.apache.catalina.core.StandardEngineValve.invoke(StandardEngineValve.java:78)
	at org.apache.catalina.connector.CoyoteAdapter.service(CoyoteAdapter.java:360)
	at org.apache.coyote.http11.Http11Processor.service(Http11Processor.java:399)
	at org.apache.coyote.AbstractProcessorLight.process(AbstractProcessorLight.java:65)
	at org.apache.coyote.AbstractProtocol$ConnectionHandler.process(AbstractProtocol.java:890)
	at org.apache.tomcat.util.net.NioEndpoint$SocketProcessor.doRun(NioEndpoint.java:1789)
	at org.apache.tomcat.util.net.SocketProcessorBase.run(SocketProcessorBase.java:49)
	at org.apache.tomcat.util.threads.ThreadPoolExecutor.runWorker(ThreadPoolExecutor.java:1191)
	at org.apache.tomcat.util.threads.ThreadPoolExecutor$Worker.run(ThreadPoolExecutor.java:659)
	at org.apache.tomcat.util.threads.TaskThread$WrappingRunnable.run(TaskThread.java:61)
	at java.lang.Thread.run(Thread.java:750)
Caused by: com.fasterxml.jackson.databind.exc.InvalidFormatException: Cannot deserialize value of type `java.time.LocalDateTime` from String "2023-11-24T 0:25:13": Failed to deserialize java.time.LocalDateTime: (java.time.format.DateTimeParseException) Text '2023-11-24T 0:25:13' could not be parsed at index 10
 at [Source: (org.springframework.util.StreamUtils$NonClosingInputStream); line: 4, column: 16] (through reference chain: org.example.dto.QuestionnaireDTO["endTime"])
	at com.fasterxml.jackson.databind.exc.InvalidFormatException.from(InvalidFormatException.java:67)
	at com.fasterxml.jackson.databind.DeserializationContext.weirdStringException(DeserializationContext.java:1991)
	at com.fasterxml.jackson.databind.DeserializationContext.handleWeirdStringValue(DeserializationContext.java:1219)
	at com.fasterxml.jackson.datatype.jsr310.deser.JSR310DeserializerBase._handleDateTimeException(JSR310DeserializerBase.java:176)
	at com.fasterxml.jackson.datatype.jsr310.deser.LocalDateTimeDeserializer._fromString(LocalDateTimeDeserializer.java:179)
	at com.fasterxml.jackson.datatype.jsr310.deser.LocalDateTimeDeserializer.deserialize(LocalDateTimeDeserializer.java:81)
	at com.fasterxml.jackson.datatype.jsr310.deser.LocalDateTimeDeserializer.deserialize(LocalDateTimeDeserializer.java:40)
	at com.fasterxml.jackson.databind.deser.impl.MethodProperty.deserializeAndSet(MethodProperty.java:129)
	at com.fasterxml.jackson.databind.deser.BeanDeserializer.deserializeFromObject(BeanDeserializer.java:391)
	at com.fasterxml.jackson.databind.deser.BeanDeserializer.deserialize(BeanDeserializer.java:184)
	at com.fasterxml.jackson.databind.deser.DefaultDeserializationContext.readRootValue(DefaultDeserializationContext.java:323)
	at com.fasterxml.jackson.databind.ObjectMapper._readMapAndClose(ObjectMapper.java:4674)
	at com.fasterxml.jackson.databind.ObjectMapper.readValue(ObjectMapper.java:3682)
	at org.springframework.http.converter.json.AbstractJackson2HttpMessageConverter.readJavaType(AbstractJackson2HttpMessageConverter.java:380)
	... 55 common frames omitted
Caused by: java.time.format.DateTimeParseException: Text '2023-11-24T 0:25:13' could not be parsed at index 10
	at java.time.format.DateTimeFormatter.parseResolved0(DateTimeFormatter.java:1949)
	at java.time.format.DateTimeFormatter.parse(DateTimeFormatter.java:1851)
	at java.time.LocalDateTime.parse(LocalDateTime.java:492)
	at com.fasterxml.jackson.datatype.jsr310.deser.LocalDateTimeDeserializer._fromString(LocalDateTimeDeserializer.java:177)
	... 64 common frames omitted
2024-09-22 22:18:20,375 [http-nio-9013-exec-8] ERROR [org.example.utils.JWTUtil] JWTUtil.java:64 - com.auth0.jwt.exceptions.SignatureVerificationException: The Token's Signature resulted invalid when verified using the Algorithm: HmacSHA256
2024-09-22 22:19:02,228 [SpringApplicationShutdownHook] INFO  [com.zaxxer.hikari.HikariDataSource] HikariDataSource.java:350 - HikariPool-1 - Shutdown initiated...
2024-09-22 22:19:02,231 [SpringApplicationShutdownHook] INFO  [com.zaxxer.hikari.HikariDataSource] HikariDataSource.java:352 - HikariPool-1 - Shutdown completed.
